country_name,geocode,ISO_code,date_signed,date_ratified_or_acceded,state_party,signed_but_not_ratified,date_entry_into_force,genocide,crimes_against_humanity,aggression,war_crimes,date_ratified_apic,note
Afghanistan,AFG,AF,,2003-02-10,Y,,2003-05-01,,,,,,
Albania,ALB,AL,1998-07-18,2003-01-31,Y,,2003-05-01,"[Albanian Criminal Code, Chapter 1, Article 73](http://preventgenocide.org/law/domestic/albania.htm)","[Albanian Criminal Code, Chapter 1, Article 74](http://preventgenocide.org/law/domestic/albania.htm)",,"[Albanian Criminal Code, Chapter 1, Article 75](http://preventgenocide.org/law/domestic/albania.htm)",2006-08-02,
Algeria,DZA,DZ,2000-12-28,,,Y,,,,,,,
American Samoa,ASM,AS,,,,,,,,,,,
Andorra,AND,AD,1998-07-18,2001-04-30,Y,,2002-07-01,Andorran Penal Code,Andorran Penal Code,Andorran Penal Code,Andorran Penal Code,2005-02-11,
Angola,AGO,AO,1998-10-07,,,Y,,,,,,,
Anguilla,AIA,AI,,,,,,,,,,,
Antarctica,ATA,AQ,,,,,,,,,,,
Antigua and Barbuda,ATG,AG,1998-10-23,2001-06-18,Y,,2002-07-01,"[Antiguan Genocide Act Laws Vol. 4, Chapter 191](http://www.laws.gov.ag/acts/chapters/cap-191.pdf)",,,,,
Argentina,ARG,AR,1999-01-08,2001-02-08,Y,,2002-07-01,,,,,2007-02-01,
Armenia,ARM,AM,1999-10-01,,,Y,,"[Armenian Criminal Code, Article 393](http://www.legislationline.org/download/action/download/id/1655/file/bb9bb21f5c6170dadc5efd70578c.htm/preview)","[Armenian Criminal Code, Chapter 33](http://www.legislationline.org/download/action/download/id/1655/file/bb9bb21f5c6170dadc5efd70578c.htm/preview)","[Armenian Criminal Code, Chapter 33, Article 384](http://www.legislationline.org/download/action/download/id/1655/file/bb9bb21f5c6170dadc5efd70578c.htm/preview)","[Armenian Criminal Code, Chapter 33](http://www.legislationline.org/download/action/download/id/1655/file/bb9bb21f5c6170dadc5efd70578c.htm/preview)",,
Aruba,ABW,AW,,,,,,no data,no data,no data,no data,no data,no data
Australia,AUS,AU,1998-12-09,2002-07-01,Y,,2002-09-01,"[Australian Criminal Code Act 1995, Chapter 8, Division 268, Subdivision B](/assets/files/Australia.pdf)","[Australian Criminal Code Act 1995, Chapter 8, Division 268 Subdivision C](/assets/files/Australia.pdf)",,"[Australian Criminal Code Act 1995, Chapter 8, Division 268 Subdivision C](/assets/files/Australia.pdf)",2002-07-01,
Austria,AUT,AT,1998-10-07,2000-12-28,Y,,2002-07-01,"[Austrian Criminal Code, Section 321](http://www.preventgenocide.org/de/recht/strafgesetz/oesterreich.htm#trans)",,,,2003-12-17,
Azerbaijan,AZE,AZ,,,,,,"Azerbaijan Criminal Code, Chapter 16, Articles 103 & 104","Azerbaijan Criminal Code, Chapter 16","[Azerbaijan Criminal Code, Chapter 16, Articles 100 & 101](http://www.legislationline.org/download/action/download/id/1658/file/4b3ff87c005675cfd74058077132.htm/preview)","[Azerbaijan Criminal Code, Chapter 17](http://www.legislationline.org/download/action/download/id/1658/file/4b3ff87c005675cfd74058077132.htm/preview)
",,
Bahamas,BHS,BS,2000-12-29,,,Y,,,,,,2004-06-30,
Bahrain,BHR,BH,2000-12-11,,,Y,,[Decree No. 4 of 1990](http://preventgenocide.org/law/domestic/),,,,,
Bangladesh,BGD,BD,1999-09-16,2010-03-23,Y,,2010-06-01,[International Crimes (Tribunals) Act of 1973](http://bdlaws.minlaw.gov.bd/print_sections_all.php?id=435),[International Crimes (Tribunals) Act of 1973](http://bdlaws.minlaw.gov.bd/print_sections_all.php?id=435),,[International Crimes (Tribunals) Act of 1973](http://bdlaws.minlaw.gov.bd/print_sections_all.php?id=435),,
Barbados,BRB,BB,2000-09-08,2002-12-10,Y,,2003-03-01,"Genocide Act, Chapter 133A",,,,,
Belarus,BLR,BY,,,,,,"[Belarus Criminal Code, Article 127](http://www.legislationline.org/documents/id/4279)",,,,,
Belgium,BEL,BE,1998-09-10,2000-06-28,Y,,2002-07-01,[Belgium’s Law on Serious Violations of International Humanitarian Law](http://www.preventgenocide.org/fr/droit/codes/belgique.htm),"
[Belgian Criminal Code, in French](http://www.legislationline.org/documents/action/popup/id/16036/preview)
",,"
[Belgian Criminal Code, in French](http://www.legislationline.org/documents/action/popup/id/16036/preview)

",2005-03-28,
Belize,BLZ,BZ,2000-04-05,2000-04-05,Y,,2002-07-01,,,,,2005-09-14,
Benin,BEN,BJ,1999-09-24,2002-01-22,Y,,2002-07-01,,,,,2006-01-24,
Bermuda,BMU,BM,,,,,,,,,,,
Bhutan,BTN,BT,,,,,,,,,,,
Bolivia,BOL,BO,1998-07-17,2002-06-27,Y,,2002-09-01,"[Bolivian Penal Code, Article 138](http://www.preventgenocide.org/es/derecho/codigos/bolivia.htm)",,,,2006-01-20,
Bosnia and Herzegovina,BIH,BA,1998-07-17,2002-04-11,Y,,2002-07-01,"[Bosnia-Herzegovina Criminal Code, Chapter 17, Article 171](http://www.coe.int/t/dlapil/codexter/Source/country_profiles/legislation/CT%20Legislation%20-%20BiH%20Criminal%20Code.pdf)","[Bosnia-Herzegovina Criminal Code, Chapter 17, Article 172](http://www.coe.int/t/dlapil/codexter/Source/country_profiles/legislation/CT%20Legislation%20-%20BiH%20Criminal%20Code.pdf)","[Bosnia-Herzegovina Criminal Code, Chapter 16](http://www.coe.int/t/dlapil/codexter/Source/country_profiles/legislation/CT%20Legislation%20-%20BiH%20Criminal%20Code.pdf)","[Bosnia-Herzegovina Criminal Code, Chapter 17, Article 173](http://www.coe.int/t/dlapil/codexter/Source/country_profiles/legislation/CT%20Legislation%20-%20BiH%20Criminal%20Code.pdf)",2012-01-24,
Botswana,BWA,BW,2000-09-08,2000-09-08,Y,,2002-07-01,,,,,2008-11-13,
Brazil,BRA,BR,2000-02-07,2002-06-20,Y,,2002-09-01,"[Law No. 2.889 of October 1,1956](http://www.preventgenocide.org/pt/direito/codigos/brasil.htm)",,,,2011-12-12,
British Indian Ocean Territory,IOT,IO,,,,,,,,,,,
British Virgin Islands,VGB,VG,,,,,,,,,,,
Brunei,BRN,BN,,,,,,,,,,,
Bulgaria,BGR,BG,1999-02-11,2002-04-11,Y,,2002-07-01,"[Bulgarian Criminal Code, Chapter 14, Article 416](http://www.legislationline.org/documents/action/popup/id/8881/preview)","[Bulgarian Criminal Code, Chapter 14](http://www.legislationline.org/documents/action/popup/id/8881/preview)",,"[Bulgarian Criminal Code, Chapter 14](http://www.legislationline.org/documents/action/popup/id/8881/preview)",2006-07-28,
Burkina Faso,BFA,BF,1998-11-30,2004-04-16,Y,,2004-07-01,[Article 313 of Code Penal](http://www.preventgenocide.org/fr/droit/codes/burkinafaso.htm),,,,2005-10-10,
Burma,MMR,MM,,,,,,,,,,,
Burundi,BDI,BI,1999-01-13,2004-09-21,Y,,2004-12-01,"[Burundian Criminal Code No. 1/05 of 22 April 2009, starting Article 195](http://defensewiki.ibj.org/index.php/Code_P%C3%A9nal_du_Burundi_(Burundi_Penal_Code))","[Burundian Criminal Code No. 1/05 of 22 April 2009, starting Article 195](http://defensewiki.ibj.org/index.php/Code_P%C3%A9nal_du_Burundi_(Burundi_Penal_Code))",,,,
Cambodia,KHM,KH,2000-10-23,2002-04-11,Y,,2002-07-01,"[Cambodian Criminal Code, Articles 183-87](http://www.unodc.org/res/cld/document/khm/criminal_code_of_the_kingdom_of_cambodia_html/Cambodia_Criminal-Code-of-the-Kingdom-of-Cambodia-30-Nov-2009-Eng.pdf)","[Cambodian Criminal Code, Articles 188-92](http://www.unodc.org/res/cld/document/khm/criminal_code_of_the_kingdom_of_cambodia_html/Cambodia_Criminal-Code-of-the-Kingdom-of-Cambodia-30-Nov-2009-Eng.pdf)",,"[Cambodian Criminal Code, Articles 1893-98](http://www.unodc.org/res/cld/document/khm/criminal_code_of_the_kingdom_of_cambodia_html/Cambodia_Criminal-Code-of-the-Kingdom-of-Cambodia-30-Nov-2009-Eng.pdf)",,
Cameroon,CMR,CM,1998-07-17,,,Y,,,,,,,
Canada,CAN,CA,1998-12-18,2000-07-07,Y,,2002-07-01,[Crimes Against Humanity and War Crimes Act](http://laws-lois.justice.gc.ca/eng/acts/C-45.9/page-1.html),[Crimes Against Humanity and War Crimes Act](http://laws-lois.justice.gc.ca/eng/acts/C-45.9/page-1.html),,[Crimes Against Humanity and War Crimes Act](http://laws-lois.justice.gc.ca/eng/acts/C-45.9/page-1.html),2004-06-22,
Cape Verde,CPV,CV,2000-12-28,2011-10-10,Y,,2012-01-01,,,,,,
Cayman Islands,CYM,KY,,,,,,,,,,,
Central African Republic,CAF,CF,1999-12-12,2001-10-03,Y,,2002-07-01,,,,,2006-10-10,
Chad,TCD,TD,1999-10-20,2006-11-01,Y,,2007-01-01,,,,,,
Chile,CHL,CL,1998-09-11,2009-06-29,Y,,2009-09-01,Bill 6406-07,Bill 6406-07 ,,Bill 6406-07 ,2011-09-26,
China,CHN,CN,,,,,,,,,,,
Colombia,COL,CO,1998-12-10,2002-08-05,Y,,2002-11-01,"[Colombian Penal Code, Article 101 & 102](http://www.preventgenocide.org/es/derecho/codigos/colombia.htm)",,,,2009-04-15,
Comoros,COM,KM,2000-09-22,2006-08-18,Y,,2006-11-01,,,,,,
"Congo, Democratic Republic of the",COD,CD,2000-09-08,2002-04-11,Y,,2002-07-01,,,,,2007-07-03,
"Congo, Republic of the",COG,CG,1998-07-17,2004-05-03,Y,,2004-08-01,"[Law No. 8-98 of 31 October 1998 on Defining and Repressing Genocide, War Crimes and Crimes Against Humanity]",,,,,
Cook Islands,COK,CK,,2008-07-18,Y,,2008-10-01,,,,,,
Costa Rica,CRI,CR,1998-10-07,2001-06-07,Y,,2002-07-01,,"[Costa Rican Penal Code, Article 379](http://www.nottingham.ac.uk/shared/shared_hrlcicju/Costa_Rica/Law_8272__amendment_to_the_Penal_Code___English_.pdf)",,"[Costa Rican Penal Code, Article 378](http://www.nottingham.ac.uk/shared/shared_hrlcicju/Costa_Rica/Law_8272__amendment_to_the_Penal_Code___English_.pdf)",2011-04-28,
Cote d’Ivoire,CIV,CI,1998-11-30,2013-02-15,Y,,2013-05-01,"[Cote d’Ivoire Penal Code, Article 137](http://www.preventgenocide.org/fr/droit/codes/cotedivoire.htm)",,,,,
Croatia,HRV,HR,1998-10-12,2001-05-21,Y,,2002-07-01,"[Croatian Criminal Code, Article 156](http://www.vsrh.hr/CustomPages/Static/HRV/Files/Legislation__Criminal-Code.pdf)","[Croatian Criminal Code, Article 157A](http://www.vsrh.hr/CustomPages/Static/HRV/Files/Legislation__Criminal-Code.pdf)","[Croatian Criminal Code, Article 157A]
(http://www.vsrh.hr/CustomPages/Static/HRV/Files/Legislation__Criminal-Code.pdf)","[Croation Criminal Code, Article 158](http://www.vsrh.hr/CustomPages/Static/HRV/Files/Legislation__Criminal-Code.pdf)",2004-12-17,
Cuba,CUB,CU,,,,,,"[Cuban Penal Code, Article 116](http://www.preventgenocide.org/es/derecho/codigos/cuba.htm)",,,,,
Cyprus,CYP,CY,1998-10-15,2002-03-07,Y,,2002-07-01,Cyprus Uw 59/ 1980,,,,2005-08-18,
Czech Republic,CZE,CZ,1999-04-13,2009-07-21,Y,,2009-10-01,"[Czech Criminal Code, Chapter 10, Section 259](http://www.preventgenocide.org/cz/s259genocidium.htm)","[Czech Criminal Code, Chapter 10](http://www.coe.int/t/dlapil/codexter/Source/country_profiles/legislation/CT%20Legislation%20-%20Czech%20Republic%20Criminal%20Code.pdf)",,,2011-05-04,
Denmark,DNK,DK,1998-09-25,2001-06-21,Y,,2002-07-01,"[Danish Law No. 132 of April 29, 1955](http://preventgenocide.org/dk/folkedrab1955.htm)","[Danish Criminal Code, Order No. 909 of September 27, 2005](http://iccdb.webfactional.com/documents/implementations/pdf/Denmark-Criminal_Code_07052012.pdf)",,[Danish Military Criminal Code of 1973](http://www.geneva-academy.ch/RULAC/national_legislation.php?id_state=55),2005-06-03,
Djibouti,DJI,DJ,1998-10-07,2002-11-05,Y,,2003-02-01,,,,,,
Dominica,DMA,DM,,2001-02-12,Y,,2002-07-01,,,,,,
Dominican Republic,DOM,DO,2000-09-08,2005-05-12,Y,,2005-08-01,,,,,2009-09-10,
Ecuador,ECU,EC,1998-10-07,2002-02-05,Y,,2002-07-01,,,,,2006-04-19,
Egypt,EGY,EG,2000-12-26,,,Y,,,,,,,
El Salvador,SLV,SV,,,,,,"[El Salvadoran Penal Code, Article 361](http://www.preventgenocide.org/es/derecho/codigos/elsalvador.htmE)",,,,,
Equatorial Guinea,GNQ,GQ,,,,,,,,,,,
Eritrea,ERI,ER,1998-10-07,,,Y,,,,,,,
Estonia,EST,EE,1999-12-27,2002-01-30,Y,,2002-07-01,"[Estonian Penal Code, Section 90](/assets/files/Estonia.pdf)","[Estonian Penal Code, Section 89](/assets/files/Estonia.pdf)","[Estonian Penal Code, Section 91](/assets/files/Estonia.pdf)","[Estonian Penal Code, Section 94-109](Estonia.pdf)",2004-09-13,
Ethiopia,ETH,ET,,,,,,"[Ethiopian Penal Code of 1957, Article 281](http://preventgenocide.org/law/domestic/ethiopia.htm)",,,,,
Falkland Islands,FLK,FK,,,,,,,,,,,
Faroe Islands,FRO,FO,,,,,,,,,,,
Fiji,FJI,FJ,1999-11-29,1999-11-29,Y,,2002-07-01,"[Fiji Islands Penal Code, Chapter 8, Article 69](http://www.preventgenocide.org/law/domestic/fiji.htm); Crimes Decree of 2009 of Fiji, No. 44","[Crimes Decree of 2009 of Fiji, No. 44](http://www.steptoe.com/assets/attachments/3984.pdf)",,[Geneva Conventions Promulgation of 2007](http://www.icrc.org/ihl-nat/a24d1cf3344e99934125673e00508142/947ace338d0d29f1c125754c005d3cdb/$FILE/Geneva%20Conventions%20Promulgation%202007.pdf),,
Finland,FIN,FI,1998-10-07,2000-12-29,Y,,2002-07-01,[Finnish Penal Code on Genocide and Ethnic Agitation](http://www.preventgenocide.org/fi/rikoslaki.htm),"[Finnish Criminal Code](http://www.legislationline.org/documents/section/criminal-codes)
",[Finnish Criminal Code](http://www.legislationline.org/documents/section/criminal-codes),[Finnish Criminal Code](http://www.legislationline.org/documents/section/criminal-codes),2004-12-08,
France,FRA,FR,1998-07-18,2000-06-09,Y,,2002-07-01,"[French Penal Code, Article 211-1](http://www.preventgenocide.org/fr/droit/codes/france.htm)",,,,2004-02-17,
French Guiana,,GF,1998-07-18,2000-06-09,,,2002-07-01,"[French Penal Code, Article 211-1](http://www.preventgenocide.org/fr/droit/codes/france.htm)",,,,,
French Polynesia,PYF,PF,,,,,,,,,,,
Gabon,GAB,GA,1998-12-22,2000-09-20,Y,,2002-07-01,,,,,2010-09-22,
Gambia,GMB,GM,1998-12-04,2002-06-28,Y,,2002-09-01,,,,,,
Gaza Strip,GAZ,PS,,,,,,,,,,,
Georgia,GEO,GE,1998-07-18,2003-09-05,Y,,2003-12-01,"[Georgian Penal Code, Section 14, Article 407](http://www.refworld.org/cgi-bin/texis/vtx/rwmain?docid=404c5dc11)","[Georgian Penal Code, Section 14](http://www.refworld.org/cgi-bin/texis/vtx/rwmain?docid=404c5dc11)",,"[Georgian Penal Code, Section 14](http://www.refworld.org/cgi-bin/texis/vtx/rwmain?docid=404c5dc11)",2010-03-10,
Germany,DEU,DE,1998-12-10,2000-12-11,Y,,2002-07-01,"[German Code on International Criminal Law, Section 6](http://www.iuscomp.org/gla/statutes/VoeStGB.pdf)","[German Code on International Criminal Law, Section 7](http://www.iuscomp.org/gla/statutes/VoeStGB.pdf)",,"[German Code on International Criminal Law, Sections 8-12](http://www.iuscomp.org/gla/statutes/VoeStGB.pdf)",2004-09-02,
Ghana,GHA,GH,1998-07-18,1999-12-20,Y,,2002-07-01,"[Ghana Criminal Code (Amendment) Act, 1993 Section 1](http://preventgenocide.org/law/domestic/ghana.htm)",,,,2003-09-12,
Gibraltar,GIB,GI,,,,,,,,,,,
Greece,GRC,GR,1998-07-18,2002-05-15,Y,,2002-08-01,,,,,2007-07-06,
Greenland,GRL,GL,,,,,,,,,,,
Grenada,GRD,GD,,2011-05-19,Y,,2002-08-01,,,,,,
Guam,GUM,GU,,,,,,,,,,,
Guatemala,GTM,GT,,2012-04-02,Y,,2012-07-01,,,,,,
Guernsey,GGY,GG,,,,,,,,,,,
Guinea,GIN,GN,2000-09-07,2003-07-14,Y,,2003-10-01,,,,,2004-04-01,
Guinea-Bissau,GNB,GW,2000-09-12,,,Y,,,,,,,
Guyana,GUY,GY,2000-12-28,2004-09-24,Y,,2004-12-01,,,,,2005-11-16,
Haiti,HTI,HT,1999-02-26,,,Y,,,,,,,
Heard Island and McDonald Islands,HMD,HM,,,,,,,,,,,
Holy See,VAT,VA,,,,,,"[Law N. VIII, Chapter 3, Article 14](http://www.vaticanstate.va/content/dam/vaticanstate/documenti/leggi-e-decreti/Normative-Penali-e-Amministrative/Law%20N.%20VIII%20-%20Supplementary%20Norms%20on%20Criminal%20Law.pdf)","[Law N. VIII, Chapter 3](http://www.vaticanstate.va/content/dam/vaticanstate/documenti/leggi-e-decreti/Normative-Penali-e-Amministrative/Law%20N.%20VIII%20-%20Supplementary%20Norms%20on%20Criminal%20Law.pdf)",,"[Law N. VIII, Chapter 3](http://www.vaticanstate.va/content/dam/vaticanstate/documenti/leggi-e-decreti/Normative-Penali-e-Amministrative/Law%20N.%20VIII%20-%20Supplementary%20Norms%20on%20Criminal%20Law.pdf)",,
Honduras,HND,HN,1998-10-07,2002-07-01,Y,,2002-09-01,,,,,2008-04-01,
Hong Kong,HKG,HK,,,,,,"[Hong Kong's Offenses Against the Person Ordinance, Chapter 212, Section 9A](http://www.legislation.gov.hk/blis_pdf.nsf/4f0db701c6c25d4a4825755c00352e35/43CA4DC0171D9224482575EE004D5CE1/$FILE/CAP_212_e_b5.pdf)",,,,,
Hungary,HUN,HU,1999-01-15,2001-11-30,Y,,2002-07-01,"[Hungarian Code of 1978 (amended in 2005), Section 155](http://www.preventgenocide.org/hu/btk155nepirtas.htm)","[Hungarian Code of 1978 (amended in 2005), Chapter 11](http://www.icrc.org/applic/ihl/ihl-nat.nsf/0/21740aee8be6610bc1257163002c8308/$FILE/hungary_criminal_code.pdf)",,"[Hungarian Code of 1978 (amended in 2005), Sections 158-65](http://www.icrc.org/applic/ihl/ihl-nat.nsf/0/21740aee8be6610bc1257163002c8308/$FILE/hungary_criminal_code.pdf)",2006-03-22,
Iceland,ISL,IS,1998-08-26,2000-05-25,Y,,2002-07-01,,,,,2003-12-01,
India,IND,IN,,,,,,,,,,,
Indonesia,IDN,ID,,,,,,[Law #26 (Human Rights Tribunal Code)](http://preventgenocide.org/id/hukum/genosida-UU26.htm),[Law #26 (Human Rights Tribunal Code)](http://preventgenocide.org/id/hukum/genosida-UU26.htm),,,,
Iran,IRN,IR,2000-12-31,,,Y,,,,,,,
Iraq,IRQ,IQ,,,,,,"[Statute of the Iraqi Special Tribunal, Article 11](http://preventgenocide.org/law/domestic/iraqispecialtribunal.htm)","[Statute of the Iraqi Special Tribunal, Article 12](http://preventgenocide.org/law/domestic/iraqispecialtribunal.htm)",,"[Statute of the Iraqi Special Tribunal, Article 13](http://preventgenocide.org/law/domestic/iraqispecialtribunal.htm)",,
Ireland,IRL,IE,1998-10-07,2002-04-11,Y,,2002-07-01,"[Irish International Criminal Court Act of October 2006, Article 6](http://www.irishstatutebook.ie/2006/en/act/pub/0030/print.html#sec7)","[Irish International Criminal Court Act of October 2006, Article 7](http://www.irishstatutebook.ie/2006/en/act/pub/0030/print.html#sec7)",,"[Irish International Criminal Court Act of October 2006, Article 8.2](http://www.irishstatutebook.ie/2006/en/act/pub/0030/print.html#sec7)",2006-11-20,
Isle of Man,IMN,IM,,,,,,,,,,,(see United Kingdom)
Israel,ISR,IL,2000-12-31,,,Y,,[Israeli Law on the Crime of Genocide 5710-1950](http://preventgenocide.org/il/law1950.htm),,,,,12/31/2000* (unsigned on 8/28/2002)expressed intent not to ratify
Italy,ITA,IT,1998-07-18,1999-07-26,Y,,2002-07-01,"[Italy’s Law on Genocide of October 9, 1967 No. 962](http://preventgenocide.org/it/legge.htm)",,,,2006-11-20,
Jamaica,JAM,JM,2000-09-08,,,Y,,"Jamaica’s Offenses Against the Person (Amendment) 1968, Sec. 33",,,,2004-06-30,
Japan,JPN,JP,,2007-07-17,Y,,2007-10-01,,,,,2004-06-28,
Jersey,JEY,JE,,,,,,,,,,,
Jordan,JOR,JO,1998-10-07,2002-04-11,Y,,2002-07-01,,,,,,
Kazakhstan,KAZ,KZ,,,,,,"[Kazakhstan Criminal Code, Article 160](http://www.legislationline.org/download/action/download/id/1681/file/ca1cfb8a67f8a1c2ffe8de6554a3.htm/preview)",,,,,
Kenya,KEN,KE,1999-08-11,2005-03-15,Y,,2005-06-01,[Kenyan International Crimes Act of 2008](http://www.issafrica.org/anicj/uploads/Kenya_International_Crimes_Act_2008.pdf),[Kenyan International Crimes Act of 2008](http://www.issafrica.org/anicj/uploads/Kenya_International_Crimes_Act_2008.pdf),,[Kenyan International Crimes Act of 2008](http://www.issafrica.org/anicj/uploads/Kenya_International_Crimes_Act_2008.pdf),,
Kiribati,KIR,KI,,,,,,[Kiribati Penal Code Article 52](http://www.preventgenocide.org/es/derecho/codigos/),,,,,
"Korea, North",PRK,KP,,,,,,,,,,,
"Korea, South",KOR,KR,2000-03-08,2002-11-13,Y,,2003-02-01,,,,,2006-10-18,
Kuwait,KWT,KW,2000-09-08,,,Y,,,,,,,
Kyrgyzstan,KGZ,KG,1998-12-08,,,Y,,[Kyrgyzstan Criminal Code Article 373](http://www.wipo.int/wipolex/en/text.jsp?file_id=248664),,,,,
Laos,LAO,LA,,,,,,,,,,,
Latvia,LVA,LV,1999-04-22,2002-06-28,Y,,2002-09-01,"[Latvia Penal Code Section, 71](http://www.preventgenocide.org/lv/kriminallikums.htm)","[Latvia Penal Code, Section 71](/assets/files/Latvia.pdf)","[Latvia Penal Code, Sections 72, 77](/assets/files/Latvia.pdf)","[Latvia Penal Code, Section 74](/assets/files/Latvia.pdf)",2004-10-28,
Lebanon,LBN,LB,,,,,,,,,,,
Lesotho,LSO,LS,1998-11-30,2000-09-06,Y,,2002-07-01,,,,,2005-09-16,
Liberia,LBR,LR,1998-07-17,2004-09-22,Y,,2004-12-01,,,,,2005-09-16,
Libya,LBY,LY,,,,,,,,,,,
Liechtenstein,LIE,LI,1998-07-18,2001-10-02,Y,,2002-07-01,"[Liechtenstein Penal Code, Article 321](/assets/files/Liechtenstein.doc)",,,,2004-09-21,
Lithuania,LTU,LT,1998-12-10,2003-05-12,Y,,2003-08-01,"[Lithuanian Criminal Code, Article 99](http://www.preventgenocide.org/lt/LRBK99.htm)",,,,,
Luxembourg,LUX,LU,1998-10-13,2000-09-08,Y,,2002-07-01,[Luxembourg Law of 8 August 1985 on Genocide](http://www.coe.int/t/dghl/monitoring/ecri/legal_research/national_legal_measures/luxembourg/Luxembourg_SR.pdf),,,,2006-01-20,
Macau,MAC,MO,,,,,,[Macau Criminal Code Article 230](http://www.oecd.org/site/adboecdanti-corruptioninitiative/46816617.pdf),,,,,
Macedonia,MKD,MK,1998-10-07,2002-03-06,Y,,2002-07-01,"[Macedonia Penal Code, Article 403](http://www.wipo.int/edocs/lexdocs/laws/en/mk/mk018en.pdf)","[Macedonia Penal Code, Chapter 34 Macedonia Penal Code, Articles 404-406](http://www.wipo.int/edocs/lexdocs/laws/en/mk/mk018en.pdf)","[Macedonia Penal Code, Article 415 Macedonia Penal Code, Articles 404-406](http://www.wipo.int/edocs/lexdocs/laws/en/mk/mk018en.pdf)","[Macedonia Penal Code, Articles 404-406](http://www.wipo.int/edocs/lexdocs/laws/en/mk/mk018en.pdf)",2005-10-19,
Madagascar,MDG,MG,1998-07-18,2008-03-14,Y,,2008-06-01,,,,,2002-09-12,
Malawi,MWI,MW,1999-03-02,2011-09-19,Y,,2002-12-01,,,,,2009-10-07,
Malaysia,MYS,MY,,,,,,,,,,,
Maldives,MDV,MV,,2011-09-21,Y,,2011-12-01,,,,,,
Mali,MLI,ML,1998-07-17,2000-08-16,Y,,2002-07-01,"[Mali Penal Code, Article 30](http://www.preventgenocide.org/fr/droit/codes/mali.htm)",,,,2004-07-08,
Malta,MLT,MT,1998-07-17,2002-11-29,Y,,2003-02-01,"[International Criminal Court Act, Article 6](http://www.iccnow.org/documents/MaltaDraftICCImpLeg.pdf)","[International Criminal Court Act, Article 7](http://www.iccnow.org/documents/MaltaDraftICCImpLeg.pdf)",,"[International Criminal Court Act, Article 8](http://www.iccnow.org/documents/MaltaDraftICCImpLeg.pdf)",2011-09-21,
Marshall Islands,MHL,MH,2000-09-06,2000-12-07,Y,,2002-07-01,,,,,,
Mauritania,MRT,MR,,,,,,,,,,,
Mauritius,MUS,MU,1998-11-11,2002-03-05,Y,,2002-07-01,"[International Criminal Court Act, Part II](http://www.iccnow.org/documents/ICCact2711.pdf)","[International Criminal Court Act, Part I](http://www.iccnow.org/documents/ICCact2711.pdf)",,"[International Criminal Court Act, Part III](http://www.iccnow.org/documents/ICCact2711.pdf)",,
Mexico,MEX,MX,2000-09-07,2005-10-28,Y,,2006-01-01,"[Mexico Penal Code, Article 149](http://www.preventgenocide.org/es/derecho/codigos/mexico.htm)","[Mexico Penal Code, Article 149](http://www.preventgenocide.org/es/derecho/codigos/mexico.htm)",,,2007-09-27,
"Micronesia, Federated States of",FSM,FM,,,,,,,,,,,
Moldova,MDA,MD,2000-09-08,2010-10-12,Y,,2011-01-01,"[Moldova Criminal Code, Article 135](http://www.legislationline.org/download/action/download/id/1689/file/ebc7646816aadc2a3a1872057551.htm/preview)","Moldova Criminal Code, Chapter 1 http://www.legislationline.org/download/action/download/id/1689/file/ebc7646816aadc2a3a1872057551.htm/preview",,"Moldova Criminal Code, Chapter 1 http://www.legislationline.org/download/action/download/id/1689/file/ebc7646816aadc2a3a1872057551.htm/preview",,
Monaco,MCO,MC,1998-07-18,,,Y,,,,,[Monaco Criminal Code](http://www.legimonaco.mc/305/legismclois.nsf/ViewSommaire/5C2938D8D46C7348C12574FD004BE402!OpenDocument),,
Mongolia,MNG,MN,2000-12-29,2002-04-11,Y,,2002-07-01,,,,,2003-02-04,
Montenegro,SCG,ME,,2006-10-23,Y,,2006-06-03,"[Montenegro Criminal Code, Chapter 35](http://www.iccnow.org/documents/MontDraftCrCodeDec03.pdf)","[Montenegro Criminal Code, Chapter 35](http://www.iccnow.org/documents/MontDraftCrCodeDec03.pdf)","[Montenegro Criminal Code, Chapter 35](http://www.iccnow.org/documents/MontDraftCrCodeDec03.pdf)","[Montenegro Criminal Code, Chapter 35](http://www.iccnow.org/documents/MontDraftCrCodeDec03.pdf)",2006-10-23,
Montserrat,MSR,MS,,,,,,,,,,,
Morocco,MAR,MA,2000-09-08,,,Y,,"[Morocco Constitution, Article 23](http://www.ancl-radc.org.za/sites/default/files/morocco_eng.pdf)","[Morocco Constitution, Article 23](http://www.ancl-radc.org.za/sites/default/files/morocco_eng.pdf)",,"[Morocco Constitution, Article 23](http://www.ancl-radc.org.za/sites/default/files/morocco_eng.pdf)",,
Mozambique,MOZ,MZ,2000-12-28,,,Y,,,,,,,
Namibia,NAM,NA,1998-10-27,2002-06-25,Y,,2002-09-01,,,,,2004-01-29,
Nauru,NRU,NR,2000-12-13,2001-11-12,Y,,2002-07-01,,,,,,
Nepal,NPL,NP,,,,,,,,,,,
Netherlands,NLD,NL,1998-07-18,2001-07-17,Y,,2002-07-01,"[International Crimes Act 2003, Section 3](http://www.iccnow.org/documents/NL.IntCrAct.pdf)","[International Crimes Act 2003, Section 4](http://www.iccnow.org/documents/NL.IntCrAct.pdf)",,"[International Crimes Act 2003, Sections 5-7](http://www.iccnow.org/documents/NL.IntCrAct.pdf)",2008-07-24,
New Caledonia,NCL,NC,,,,,,,,,,,
New Zealand,NZL,NZ,1998-10-07,2000-09-07,Y,,2002-07-01,[Int’l Crimes and ICC Act of 2000 Section 9](http://www.legislation.govt.nz/act/public/2000/0026/28.0/DLM63091.html),"[In'l Crimes and ICC Act of 2000, Section 10](http://www.legislation.govt.nz/act/public/2000/0026/28.0/DLM63091.html)","[International Non-Aggression and Lawful Use of Force, 2012](http://crimeofaggression.info/2013/01/new-zealand-international-non-aggression-and-lawful-use-of-force-implementation-of-amendment-to-statute-of-rome-bill-2012/)","[Int'l Crimes and ICC Act of 2000, Section 11](http://www.legislation.govt.nz/act/public/2000/0026/28.0/DLM63091.html)",2004-04-14,
Nicaragua,NIC,NI,,,,,,"[Articles 549, 550 of Nicaragua Penal Code](http://www.preventgenocide.org/es/derecho/codigos/nicaragua.htm)","[Penal Code, Articles 489-522](http://www.geneva-academy.ch/RULAC/national_legislation.php?id_state=155)",,"[Penal Code, Articles 489-522](http://www.geneva-academy.ch/RULAC/national_legislation.php?id_state=155)",,
Niger,NER,NE,1998-07-17,2002-04-11,Y,,2002-07-01,,,,,2002-04-11,
Nigeria,NGA,NG,2000-06-01,2001-09-27,Y,,2002-07-01,,,,,,
Niue,NIU,NU,,,,,,,,,,,
Norfolk Island,NFK,NF,,,,,,,,,,,
Northern Mariana Islands,MNP,MP,,,,,,,,,,,
Norway,NOR,NO,1998-08-28,2000-02-16,Y,,2002-07-01,"[Norwegian Criminal Code, Chapter 16, Section 101](http://www.ub.uio.no/ujur/ulovdata/lov-19020522-010-eng.pdf)","[Norwegian Criminal Code, Chapter 16, Section 102](http://www.ub.uio.no/ujur/ulovdata/lov-19020522-010-eng.pdf)",,"[Norwegian Criminal Code, Chapter 16, Section 103-107](http://www.ub.uio.no/ujur/ulovdata/lov-19020522-010-eng.pdf)",2002-09-10,war crimes amendment signed 6/10/2013
Oman,OMN,OM,2000-12-20,,,Y,,,,,,,
Pakistan,PAK,PK,,,,,,,,,,,
Palau,PLW,PW,,,,,,,,,,,
Panama,PAN,PA,1998-07-18,2002-03-21,Y,,2002-07-01,"[Panama Criminal Code, Chapter II](http://www.wipo.int/edocs/lexdocs/laws/es/pa/pa033es.pdf)","[Panama Criminal Code, Chapter II](http://www.wipo.int/edocs/lexdocs/laws/es/pa/pa033es.pdf)",,"[Panama Criminal Code, Chapter II](http://www.wipo.int/edocs/lexdocs/laws/es/pa/pa033es.pdf)",2004-08-16,
Papua New Guinea,PNG,PG,,,,,,,,,,,
Paraguay,PRY,PY,1998-10-07,2001-05-14,Y,,2002-07-01,"[Paraguay Criminal Code, Article 319](http://www.preventgenocide.org/es/derecho/codigos/paraguay.htm#trans)",,,,2005-07-19,
Peru,PER,PE,2000-12-07,2001-11-10,Y,,2002-07-01,"[Peru Criminal Code, Title XIV Law No. 26926](http://www.preventgenocide.org/es/derecho/codigos/peru.htm)","[Peru Criminal Code, Title XIV Law No. 26926](http://www.preventgenocide.org/es/derecho/codigos/peru.htm)",,,2002-09-10,
Philippines,PHL,PH,2000-12-28,2011-08-30,Y,,2011-11-01,"[Republic Act 9851, Chapter III, Section 5](http://www.lawphil.net/statutes/repacts/ra2009/ra_9851_2009.html)","[Republic Act 9851, Chapter III, Section 6](http://www.lawphil.net/statutes/repacts/ra2009/ra_9851_2009.html)",,"[Republic Act 9851, Chapter III, Section 4](http://www.lawphil.net/statutes/repacts/ra2009/ra_9851_2009.html)",,
Pitcairn Islands,PCN,PN,,,,,,,,,,,
Poland,POL,PL,1999-04-09,2001-11-12,Y,,2002-07-01,"[Polish Criminal Code, Chapter XVI](http://www.icc-cpi.int/iccdocs/asp_docs/ASP9/ICC-ASP9-POA2010-POL-ENG.pdf)","[Polish Criminal Code, Chapter XVI](http://www.icc-cpi.int/iccdocs/asp_docs/ASP9/ICC-ASP9-POA2010-POL-ENG.pdf)","[Polish Criminal Code, Chapter XVI](http://www.icc-cpi.int/iccdocs/asp_docs/ASP9/ICC-ASP9-POA2010-POL-ENG.pdf)","[Polish Criminal Code, Chapter XVI](http://www.icc-cpi.int/iccdocs/asp_docs/ASP9/ICC-ASP9-POA2010-POL-ENG.pdf)",2009-02-10,
Portugal,PRT,PT,1998-10-07,2002-02-05,Y,,2002-07-01,"[Law 31/2004 Chapter 2, Article 8](http://www.pgdlisboa.pt/leis/lei_mostra_articulado.php?nid=123&tabela=leis)","[Law 31/2004 Chapter 2, Article 9](http://www.pgdlisboa.pt/leis/lei_mostra_articulado.php?nid=123&tabela=leis)","[Law 31/2004 Chapter 2, Article 10-16](http://www.pgdlisboa.pt/leis/lei_mostra_articulado.php?nid=123&tabela=leis)",,2007-10-03,
Puerto Rico,PRI,PR,,,,,,,,,,,
Qatar,QAT,QA,,,,,,,,,,,
Romania,ROU,RO,1999-07-07,2002-04-11,Y,,2002-07-01,"[Romania Criminal Code, Art. 172](http://www.legislationline.org/documents/action/popup/id/8914/preview)","[Romania Criminal Code, Art. 175](http://www.legislationline.org/documents/action/popup/id/8914/preview)",,"[Romania Criminal Code, Art. 174](http://www.legislationline.org/documents/action/popup/id/8914/preview)",2005-11-17,
Russia,RUS,RU,2000-09-13,,,Y,,"[Russia Federal Criminal Code, Article 357](http://www.russian-criminal-code.com/PartII/SectionXII/Chapter34.html)",,,,,
Rwanda,RWA,RW,,,,,,[Organic Law No. 08/96 on Genocide and Crimes Against Humanity](http://www.preventgenocide.org/law/domestic/rwanda.htm),[Organic Law No. 08/96 on Genocide and Crimes Against Humanity](http://www.preventgenocide.org/law/domestic/rwanda.htm),,,,
Saint Helena,SHN,SH,,,,,,,,,,,
Saint Kitts and Nevis,KNA,KN,,2006-08-22,Y,,2006-11-01,,,,,,
Saint Lucia,LCA,LC,1999-08-27,2010-08-18,Y,,2010-11-01,,,,,,
Saint Pierre and Miquelon,SPM,PM,,,,,,,,,,,
Saint Vincent and the Grenadines,VCT,VC,,2002-12-03,Y,,2003-03-01,,,,,,
Samoa,WSM,WS,1998-07-17,2002-09-16,Y,,2002-12-01,"[International Criminal Court Act (No. 26 of 2007), Part 2, Article 5](http://samoa.parliament.gov.ws/documents/acts/International%20Criminal%20Court%20Act%202007%20-%20%20English%20Version.pdf)","[International Criminal Court Act (No. 26 of 2007), Part 2, Article 6](http://samoa.parliament.gov.ws/documents/acts/International%20Criminal%20Court%20Act%202007%20-%20%20English%20Version.pdf)",,"[International Criminal Court Act (No. 26 of 2007), Part 2, Article 7](http://samoa.parliament.gov.ws/documents/acts/International%20Criminal%20Court%20Act%202007%20-%20%20English%20Version.pdf)",2012-09-25,ratified Kampala amendments 9/25/2012
San Marino,SMR,SM,1998-07-18,1999-05-13,Y,,2002-07-01,,,,,,ratified war crimes amendment 9/26/2011
Sao Tome and Principe,STP,ST,2000-12-28,,,Y,,,,,,,
Saudi Arabia,SAU,SA,,,,,,,,,,,
Senegal,SEN,SN,1998-07-18,1999-02-02,Y,,2002-07-01,"[Senegal Criminal Code, Article 431-1](https://www.amnesty.org/fr/library/asset/AFR49/002/2007/fr/73005373-d36d-11dd-a329-2f46302a8cc6/afr490022007en.html)","[Senegal Criminal Code, Article 431-2](https://www.amnesty.org/fr/library/asset/AFR49/002/2007/fr/73005373-d36d-11dd-a329-2f46302a8cc6/afr490022007en.html)",,"[Senegal Criminal Code, Article 431-3](https://www.amnesty.org/fr/library/asset/AFR49/002/2007/fr/73005373-d36d-11dd-a329-2f46302a8cc6/afr490022007en.html)",,
Serbia,SCG,RS,2000-12-19,2001-09-06,Y,,2002-07-01,"[Serbian Criminal Code, Article 370](/assets/files/Serbia.pdf)","[Serbian Criminal Code, Article 371](/assets/files/Serbia.pdf)","[Serbian Criminal Code, Article 386](/assets/files/Serbia.pdf)","[Serbian Criminal Code, Article 372-74](/assets/files/Serbia.pdf)",2005-05-07,
Seychelles,SYC,SC,2000-12-28,2010-08-10,Y,,2010-11-01,[Genocide Act of 1969](http://www.seylii.org/sc/legislation/consolidated-act/88),,,,2000-12-28,
Sierra Leone,SLE,SL,1998-10-17,2000-09-15,Y,,2002-07-01,,,,,2003-09-26,
Singapore,SGP,SG,,,,,,,,,,,
Slovakia,SVK,SK,1998-12-23,2002-04-11,Y,,2002-07-01,"[Slovakia Criminal Code, Article 259](http://preventgenocide.org/sk/trestny-zakonnik259.htm)","[Slovakia Criminal Code, Article 259b](http://preventgenocide.org/sk/trestny-zakonnik259.htm)",,"[Slovakia Criminal Code, Article 262-63](http://preventgenocide.org/sk/trestny-zakonnik259.htm)",2004-05-26,
Slovenia,SVN,SI,1998-10-07,2001-12-31,Y,,2002-07-01,"[Slovenia Criminal Code Chapter 35, art. 373](/assets/files/Slovenia.doc)","[Slovenia Criminal Code Chapter 35, art. 374](/assets/files/Slovenia.doc)",,"[Slovenia Criminal Code Chapter 35, art. 375-377](/assets/files/Slovenia.doc)",2004-09-23,
Solomon Islands,SLB,SB,1998-12-03,,,Y,,Penal Code Article 52,,,,,
Somalia,SOM,SO,,,,,,,,,,,
South Africa,ZAF,ZA,1998-07-17,2000-11-27,Y,,2002-07-01,"[South Africa Penal Code, Article 281](http://www1.umn.edu/humanrts/research/Penal%20Code%20(English).pdf)","[South Africa Penal Code, Article 281](http://www1.umn.edu/humanrts/research/Penal%20Code%20(English).pdf)",,"[South Africa Penal Code, Article 282-84](http://www1.umn.edu/humanrts/research/Penal%20Code%20(English).pdf)",,
South Georgia and the South Sandwich Islands,SGS,GS,,,,,,,,,,,
South Sudan,,SS,,,,,,,,,,,
Spain,ESP,ES,1998-07-18,2000-10-24,Y,,2002-07-01,"[Spain Penal Code, Article 607](http://www.preventgenocide.org/es/derecho/codigos/espana.htm)","[Spain Penal Code, Article 607bis](http://www.iccnow.org/documents/Spain_ImplementingLegislation_Aug05.pdf)",,"[Spain Penal Code, Article 608-614bis](http://www.iccnow.org/documents/Spain_ImplementingLegislation_Aug05.pdf)",2009-09-24,
Sri Lanka,LKA,LK,,,,,,,,,,,
Sudan,SDN,SD,2000-09-08,,,Y,,,,,,,expressed intent not to ratify
Suriname,SUR,SR,,2008-07-15,Y,,2008-10-01,,,,,,
Swaziland,SWZ,SZ,,,,,,,,,,,
Sweden,SWE,SE,1998-10-07,2001-06-28,Y,,2002-07-01,"[Swedish Criminal Code, Section 2.2](http://preventgenocide.org/se/lag169.htm)",,,,2005-01-13,
Switzerland,CHE,CH,1998-07-18,2001-10-12,Y,,2002-07-01,"[Switzerland Penal Code, Article 264](http://www.preventgenocide.org/fr/droit/codes/suisse.htm)","[Switzerland Penal Code, Article 264a](http://www.legislationline.org/documents/section/criminal-codes)",,"[Switzerland Penal Code, Article 264c-h](http://www.legislationline.org/documents/section/criminal-codes)",2012-09-25,
Syria,SYR,SY,2000-11-29,,,Y,,,,,,,
Taiwan,TWN,TW,,,,,,,,,,,
Tajikistan,TJK,TJ,1998-11-30,2000-05-05,Y,,2002-07-01,"[Tajikistan Criminal Code, Article 398](http://www.wipo.int/wipolex/en/text.jsp?file_id=237375)",,"[Tajikistan Criminal Code, Article 395](http://www.wipo.int/wipolex/en/text.jsp?file_id=237375)",,,
Tanzania,TZA,TZ,2000-12-29,2002-08-20,Y,,2002-11-01,,,,,2004-01-27,
Thailand,THA,TH,2000-10-02,,,Y,,,,,,,
Timor-Leste,TLS,TL,,2002-09-06,Y,,2002-12-01,"[Timor-Leste Criminal Code, Article 123](http://www.wipo.int/edocs/lexdocs/laws/en/tl/tl006en.pdf)","[Timor-Leste Criminal Code, Article 124](http://www.wipo.int/edocs/lexdocs/laws/en/tl/tl006en.pdf)",,"[Timor-Leste Criminal Code, Article 125-130](http://www.wipo.int/edocs/lexdocs/laws/en/tl/tl006en.pdf)",,
Togo,TGO,TG,,,,,,,,,,,
Tonga,TON,TO,,,,,,Tonga Genocide Act of 1969,,,,,
Trinidad and Tobago,TTO,TT,1999-03-23,1999-04-06,Y,,2002-07-01,"[International Criminal Court Act, Article 6](http://www.nottingham.ac.uk/shared/shared_hrlcicju/Trinidad_and_Tobago/Trinidad___Tobago_The_International_Criminal_Court_Act_2006.pdf)","International Criminal Court Act, Article 7 http://www.nottingham.ac.uk/shared/shared_hrlcicju/Trinidad_and_Tobago/Trinidad___Tobago_The_International_Criminal_Court_Act_2006.pdf",,"[International Criminal Court Act, Article 8](http://www.nottingham.ac.uk/shared/shared_hrlcicju/Trinidad_and_Tobago/Trinidad___Tobago_The_International_Criminal_Court_Act_2006.pdf)",2003-02-06,
Tunisia,TUN,TN,,2011-06-24,Y,,2002-09-01,,,,,,
Turkey,TUR,TR,,,,,,"[Turkey Criminal Code, Article 76](http://www.legislationline.org/documents/action/popup/id/6872/preview)","[Turkey Criminal Code, Article 77) (http://www.legislationline.org/documents/action/popup/id/6872/preview)",,,,
Turkmenistan,TKM,TM,,,,,,,,,,,
Turks and Caicos Islands,TCA,TC,,,,,,,,,,,
Tuvalu,TUV,TV,,,,,,"[Tuvalu Penal Code, Article 62](http://www.wipo.int/wipolex/en/text.jsp?file_id=197529#LinkTarget_1432)",,,,,
Uganda,UGA,UG,1999-03-17,2002-06-14,Y,,2002-09-01,"[International Criminal Court Act, Section 7](http://www.issafrica.org/anicj/uploads/Uganda_ICC_Act_2010.pdf)","[International Criminal Court Act, Section 8](http://www.issafrica.org/anicj/uploads/Uganda_ICC_Act_2010.pdf)",,"[International Criminal Court Act, Section 9](http://www.issafrica.org/anicj/uploads/Uganda_ICC_Act_2010.pdf)",2009-01-21,
Ukraine,UKR,UA,2000-01-20,,,Y,,"[Ukraine Criminal Code, Article 442](http://www.wipo.int/edocs/lexdocs/laws/en/ua/ua018en.pdf)",,"Ukraine Criminal Code, Article 437 http://www.wipo.int/edocs/lexdocs/laws/en/ua/ua018en.pdf","Ukraine Criminal Code, Article 438 http://www.wipo.int/edocs/lexdocs/laws/en/ua/ua018en.pdf",2007-01-29,
United Arab Emirates,ARE,AE,2000-11-27,,,Y,,,,,,,
United Kingdom,GBR,GB,1998-11-30,2001-10-04,Y,,2002-07-01,"[International Criminal Court Act, Sections 50, 51](http://www.legislation.gov.uk/ukpga/2001/17)","[International Criminal Court Act, Sections 50, 51](http://www.legislation.gov.uk/ukpga/2001/17)",,"[International Criminal Court Act, Sections 50, 51](http://www.legislation.gov.uk/ukpga/2001/17)",2008-01-25,
United States,USA,US,2000-12-31,,,Y,,[United States Code Chapter 50A § 1091](http://www.preventgenocide.org/law/domestic/uscode.htm),,,[18 U.S. Code § 2441- War Crimes](http://www.law.cornell.edu/uscode/text/18/2441),,expressed intent not to ratify
Uruguay,URY,UY,2000-12-19,2002-06-28,Y,,2002-09-01,"[Uruguay Criminal Code, Article 16](http://www.parlamento.gub.uy/leyes/AccesoTextoLey.asp?Ley=18026&Anchor=)","Uruguay Criminal Code, Article 18 http://www.parlamento.gub.uy/leyes/AccesoTextoLey.asp?Ley=18026&Anchor=",,"Uruguay Criminal Code, Article 26 http://www.parlamento.gub.uy/leyes/AccesoTextoLey.asp?Ley=18026&Anchor=",2006-11-03,
Uzbekistan,UZB,UZ,2000-12-29,,,Y,,"[Uzbekistan Criminal Code, Article 153](http://www.legislationline.org/download/action/download/id/1712/file/a45cbf3cc66c17f04420786aa164.htm/preview)",,"[Uzbekistan Criminal Code, Article 151](http://www.legislationline.org/download/action/download/id/1712/file/a45cbf3cc66c17f04420786aa164.htm/preview)","[Uzbekistan Criminal Code, Article 152](http://www.legislationline.org/download/action/download/id/1712/file/a45cbf3cc66c17f04420786aa164.htm/preview)",,
Vanuatu,VUT,VU,,2011-12-02,Y,,2002-02-01,,,,,,
Venezuela,VEN,VE,,2000-06-07,Y,,,,,,,2003-07-16,
Vietnam,VNM,VN,,,,,,"[Vietnam Criminal Code, Article 342](http://www.wipo.int/edocs/lexdocs/laws/en/vn/vn017en.pdf)",,"[Vietnam Criminal Code, Article 341](http://www.wipo.int/edocs/lexdocs/laws/en/vn/vn017en.pdf)","[Vietnam Criminal Code, Article 343](http://www.wipo.int/edocs/lexdocs/laws/en/vn/vn017en.pdf)",,
Virgin Islands,VGB,VG,,,,,,,,,,,
Wallis and Futuna,WLF,WF,,,,,,,,,,,
Western Sahara,,EH,,,,,,,,,,,
Yemen,YEM,YE,2000-12-28,,,Y,,,,,,,
Zambia,ZMB,ZM,1998-07-17,2002-11-13,Y,,2003-02-01,,,,,,
Zimbabwe,ZWE,ZW,1998-07-17,,,Y,,,,,,,
