sovereignt,adm0_a3,Signatory to the Rome Statute?,Ratified or Acceded,Entry into Force,Genocide,Crimes Against Humanity,Aggression,War Crimes,Ratified APIC,note
Afghanistan,AFG,,2/10/03,5/1/03,,,,,,
Albania,ALB,7/18/98,1/31/03,5/1/03,"Albanian Criminal Code, Chapter 1, Article 73 http://preventgenocide.org/law/domestic/albania.htm","Albanian Criminal Code, Chapter 1, Article 74 http://preventgenocide.org/law/domestic/albania.htm",,"Albanian Criminal Code, Chapter 1, Article 75 http://preventgenocide.org/law/domestic/albania.htm",8/2/06,
Algeria,DZA,12/28/00,,,,,,,,
American Samoa,ASM,,,,,,,,,
Andorra,AND,7/18/98,4/30/01,7/1/02,Andorran Penal Code,Andorran Penal Code,Andorran Penal Code,Andorran Penal Code,2/11/05,
Angola,AGO,10/7/98,,,,,,,,
Anguilla,AIA,,,,,,,,,
Antarctica,ATA,,,,,,,,,
Antigua,ATG,10/23/98,6/18/01,7/1/02,"Antiguan Genocide Act Laws Vol. 4, Chapter 191 http://www.laws.gov.ag/acts/chapters/cap-191.pdf",,,,,
Argentina,ARG,1/8/99,2/8/01,7/1/02,,,,,2/1/07,
Armenia,ARM,10/1/99,,,"Armenian Criminal Code, Article 393 http://www.legislationline.org/download/action/download/id/1655/file/bb9bb21f5c6170dadc5efd70578c.htm/preview","Armenian Criminal Code, Chapter 33 http://www.legislationline.org/download/action/download/id/1655/file/bb9bb21f5c6170dadc5efd70578c.htm/preview","Armenian Criminal Code, Chapter 33, Article 384 http://www.legislationline.org/download/action/download/id/1655/file/bb9bb21f5c6170dadc5efd70578c.htm/preview","Armenian Criminal Code, Chapter 33 http://www.legislationline.org/download/action/download/id/1655/file/bb9bb21f5c6170dadc5efd70578c.htm/preview",,
Aruba,ABW,,,,,,,,,
Ashmore and Cartier Islands,AUS,,,,,,,,,Bundled with Australia
Australia,AUS,12/9/98,7/1/02,9/1/02,Australian Genocide Convention Act of 1949 http://www.preventgenocide.org/law/domestic/australia.htm,,,,,
Austria,AUT,10/7/98,12/28/00,7/1/02,"Austrian Criminal Code, Section 321 http://www.preventgenocide.org/de/recht/strafgesetz/oesterreich.htm",,,,12/17/03,
Azerbaijan,AZE,,,,"Azerbaijan Criminal Code, Chapter 16, Articles 103 & 104","Azerbaijan Criminal Code, Chapter 16","Azerbaijan Criminal Code, Chapter 16, Articles 100 & 101 http://www.legislationline.org/download/action/download/id/1658/file/4b3ff87c005675cfd74058077132.htm/preview","Azerbaijan Criminal Code, Chapter 17 http://www.legislationline.org/download/action/download/id/1658/file/4b3ff87c005675cfd74058077132.htm/preview
",,
Bahamas,BHS,12/29/00,,,,,,,6/30/04,
Bahrain,BHR,12/11/00,,,Decree No. 4 of 1990 http://preventgenocide.org/law/domestic/,,,,,
Bangladesh,BGD,9/16/99,3/23/10,6/1/10,International Crimes (Tribunals) Act of 1973 http://bdlaws.minlaw.gov.bd/print_sections_all.php?id=435,International Crimes (Tribunals) Act of 1973 http://bdlaws.minlaw.gov.bd/print_sections_all.php?id=435,,International Crimes (Tribunals) Act of 1973 http://bdlaws.minlaw.gov.bd/print_sections_all.php?id=435,,
Barbados,BRB,9/8/00,12/10/02,3/1/03,"Genocide Act, Chapter 133A",,,,,
Bassas da India,ATF,,,,,,,,,Part of the French Southern Territories
Belarus,BLR,,,,"Belarus Criminal Code, Article 127",,,,,
Belgium,BEL,9/10/98,6/28/00,7/1/02,Belgium’s Law on Serious Violations of International Humanitarian Law http://www.preventgenocide.org/fr/droit/codes/belgique.htm,"
Belgian Criminal Code http://www.legislationline.org/documents/action/popup/id/16036/preview
",,"
Belgian Criminal Code http://www.legislationline.org/documents/action/popup/id/16036/preview

",3/28/05,
Belize,BLZ,4/5/00,4/5/00,7/1/02,,,,,9/14/05,
Benin,BEN,9/24/99,1/22/02,7/1/02,,,,,1/24/06,
Bermuda,BMU,,,,,,,,,
Bhutan,BTN,,,,,,,,,
Bolivia,BOL,7/17/98,6/27/02,9/1/02,"Bolivian Penal Code, Article 138 http://www.preventgenocide.org/es/derecho/codigos/bolivia.htm",,,,1/20/06,
Bosnia and Herzegovina,BIH,7/17/98,4/11/02,7/1/02,"Bosnia-Herzegovina Criminal Code, Chapter 17, Article 171 http://www.coe.int/t/dlapil/codexter/Source/country_profiles/legislation/CT%20Legislation%20-%20BiH%20Criminal%20Code.pdf",n,"Bosnia-Herzegovina Criminal Code, Chapter 16 http://www.coe.int/t/dlapil/codexter/Source/country_profiles/legislation/CT%20Legislation%20-%20BiH%20Criminal%20Code.pdf","Bosnia-Herzegovina Criminal Code, Chapter 17, Article 173 http://www.coe.int/t/dlapil/codexter/Source/country_profiles/legislation/CT%20Legislation%20-%20BiH%20Criminal%20Code.pdf",1/24/12,
Botswana,BWA,9/8/00,9/8/00,7/1/02,,,,,11/13/08,
Bouvet Island,BVT,,,,,,,,,
Brazil,BRA,2/7/00,6/20/02,9/1/02,"Law No. 2.889 of October 1,1956 http://www.preventgenocide.org/pt/direito/codigos/brasil.htm",,,,12/12/11,
British Indian Ocean Territory,IOT,,,,,,,,,
British Virgin Islands,VGB,,,,,,,,,
Brunei,BRN,,,,,,,,,
Bulgaria,BGR,2/11/99,4/11/02,7/1/02,"Bulgarian Criminal Code, Chapter 14, Article 416 http://preventgenocide.org/bg/chlen416.htm","Bulgarian Criminal Code, Chapter 14 http://preventgenocide.org/bg/chlen416.htm",Bulgarian Criminal Code http://preventgenocide.org/bg/chlen416.htm,"Bulgarian Criminal Code, Chapter 14 http://preventgenocide.org/bg/chlen416.htm",7/28/06,
Burkina Faso,BFA,11/30/98,4/16/04,7/1/04,Article 313 of Code Penal http://www.preventgenocide.org/fr/droit/codes/burkinafaso.htm,,,,10/10/05,
Burma,MMR,,,,,,,,,
Burundi,BDI,1/13/99,9/21/04,12/1/04,Burundian Criminal Code No. 1/05 of 22 April 2009,Burundian Criminal Code No. 1/05 of 22 April 2009,,Burundian Criminal Code No. 1/05 of 22 April 2009,,
Cambodia,KHM,10/23/00,4/11/02,7/1/02,"Cambodian Criminal Code, Articles 183-87 http://www.unodc.org/res/cld/document/khm/criminal_code_of_the_kingdom_of_cambodia_html/Cambodia_Criminal-Code-of-the-Kingdom-of-Cambodia-30-Nov-2009-Eng.pdf","Cambodian Criminal Code, Articles 188-92 http://www.unodc.org/res/cld/document/khm/criminal_code_of_the_kingdom_of_cambodia_html/Cambodia_Criminal-Code-of-the-Kingdom-of-Cambodia-30-Nov-2009-Eng.pdf",,"Cambodian Criminal Code, Articles 1893-98 http://www.unodc.org/res/cld/document/khm/criminal_code_of_the_kingdom_of_cambodia_html/Cambodia_Criminal-Code-of-the-Kingdom-of-Cambodia-30-Nov-2009-Eng.pdf",,
Cameroon,CMR,7/17/98,,,,,,,,
Canada,CAN,12/18/98,7/7/00,7/1/02,Crimes Against Humanity and War Crimes Act http://laws-lois.justice.gc.ca/eng/acts/C-45.9/page-1.html,Crimes Against Humanity and War Crimes Act http://laws-lois.justice.gc.ca/eng/acts/C-45.9/page-1.html,,Crimes Against Humanity and War Crimes Act http://laws-lois.justice.gc.ca/eng/acts/C-45.9/page-1.html,6/22/04,
Cape Verde,CPV,12/28/00,10/10/11,1/1/12,,,,,,
Cayman Islands,CYM,,,,,,,,,
Central African Republic,CAF,12/12/99,10/3/01,7/1/02,,,,,10/10/06,
Chad,TCD,10/20/99,11/1/06,1/1/07,,,,,,
Chile,CHL,9/11/98,6/29/09,9/1/09,Bill 6406-07 http://www.iccnow.org/?mod=newsdetail&news=3339,Bill 6406-07 http://www.iccnow.org/?mod=newsdetail&news=3339,,Bill 6406-07 http://www.iccnow.org/?mod=newsdetail&news=3339,9/26/11,
China,CHN,,,,,,,,,
Christmas Island,CXR,,,,,,,,,
Clipperton Island,CPT,,,,,,,,,
Cocos Islands,CCK,,,,,,,,,
Colombia,COL,12/10/98,8/5/02,11/1/02,"Colombian Penal Code, Article 101 & 102 http://www.preventgenocide.org/es/derecho/codigos/colombia.htm",,,,4/15/09,
Comoros,COM,9/22/00,8/18/06,11/1/06,,,,,,
"Congo, Democratic Republic of the",COD,9/8/00,4/11/02,7/1/02,,,,,7/3/07,
"Congo, Republic of the",COG,7/17/98,5/3/04,8/1/04,"Law No. 8-98 of 31 October 1998 on Defining and Repressing Genocide, War Crimes and Crimes Against Humanity",,,,,
Cook Islands,COK,,7/18/08,10/1/08,,,,,,
Coral Sea Islands,AUS,,,,,,,,,covered by Australia
Costa Rica,CRI,10/7/98,6/7/01,7/1/02,,"Costa Rican Penal Code, Article 379 http://www.nottingham.ac.uk/shared/shared_hrlcicju/Costa_Rica/Law_8272__amendment_to_the_Penal_Code___English_.pdf",,"Costa Rican Penal Code, Article 378 http://www.nottingham.ac.uk/shared/shared_hrlcicju/Costa_Rica/Law_8272__amendment_to_the_Penal_Code___English_.pdf",4/28/11,
Cote d’Ivoire,CIV,11/30/98,2/15/13,5/1/13,"Cote d’Ivoire Penal Code, Article 137 http://www.preventgenocide.org/fr/droit/codes/cotedivoire.htm",,,,,
Croatia,HRV,10/12/98,5/21/01,7/1/02,"Croatian Criminal Code, Article 156 http://www.vsrh.hr/CustomPages/Static/HRV/Files/Legislation__Criminal-Code.pdf","Croatian Criminal Code, Article 157A http://www.vsrh.hr/CustomPages/Static/HRV/Files/Legislation__Criminal-Code.pdf","Croatian Criminal Code, Article 157A
http://www.vsrh.hr/CustomPages/Static/HRV/Files/Legislation__Criminal-Code.pdf","Croation Criminal Code, Article 158 http://www.vsrh.hr/CustomPages/Static/HRV/Files/Legislation__Criminal-Code.pdf",12/17/04,
Cuba,CUB,,,,"Cuban Penal Code, Article 116 http://www.preventgenocide.org/es/derecho/codigos/cuba.htm",,,,,
Cyprus,CYP,10/15/98,3/7/02,7/1/02,Cyprus Uw 59/ 1980 http://preventgenocide.org/law/domestic/,,,,8/18/05,
Czech Republic,CZE,4/13/99,7/21/09,10/1/09,"Czech Criminal Code, Chapter 10, Section 259 http://www.preventgenocide.org/cz/s259genocidium.htm","Czech Criminal Code, Chapter 10 http://www.coe.int/t/dlapil/codexter/Source/country_profiles/legislation/CT%20Legislation%20-%20Czech%20Republic%20Criminal%20Code.pdf",,,5/4/11,
Denmark,DNK,9/25/98,6/21/01,7/1/02,"Danish Law No. 132 of April 29, 1955 http://preventgenocide.org/dk/folkedrab1955.htm","Danish Criminal Code, Order No. 909 of September 27, 2005 http://iccdb.webfactional.com/documents/implementations/pdf/Denmark-Criminal_Code_07052012.pdf",,Danish Military Criminal Code of 1973 http://www.geneva-academy.ch/RULAC/national_legislation.php?id_state=55,6/3/05,
Dhekelia,GRB,,,,,,,,,"Not in ISO 3166 system, bundled with the United Kingdom"
Djibouti,DJI,10/7/98,11/5/02,2/1/03,,,,,,
Dominica,DMA,,2/12/01,7/1/02,,,,,,
Dominican Republic,DOM,9/8/00,5/12/05,8/1/05,,,,,9/10/09,
East Timor,TLS,,9/6/02,12/1/02,,,,,,
Ecuador,ECU,10/7/98,2/5/02,7/1/02,,,,,4/19/06,
Egypt,EGY,,,,,,,,,
El Salvador,SLV,,,,"El Salvadoran Penal Code, Article 361 http://www.preventgenocide.org/es/derecho/codigos/elsalvador.htmE",,,,,
Equatorial Guinea,GNQ,,,,,,,,,
Eritrea,ERI,10/7/98,,,,,,,,
Estonia,EST,12/27/99,1/30/02,7/1/02,"Estonian Penal Code, Section 90 http://www.legislationline.org/documents/section/criminal-codes","Estonian Penal Code, Section 89 http://www.legislationline.org/documents/section/criminal-codes","Estonian Penal Code, Section 91 http://www.legislationline.org/documents/section/criminal-codes","Estonian Penal Code, Section 94-109 http://www.legislationline.org/documents/section/criminal-codes",9/13/04,
Ethiopia,ETH,,,,"Ethiopian Penal Code of 1957, Article 281 http://preventgenocide.org/law/domestic/ethiopia.htm",,,,,
Europa Island,ATF,,,,,,,,,Part of the French Southern Territories
Falkland Islands,FLK,,,,,,,,,
Faroe Islands,FRO,,,,,,,,,
Fiji,FJI,11/29/99,11/29/99,7/1/02,"Fiji Islands Penal Code, Chapter 8, Article 69 http://www.preventgenocide.org/law/domestic/fiji.htm; Crimes Decree of 2009 of Fiji, No. 44","Crimes Decree of 2009 of Fiji, No. 44 http://www.steptoe.com/assets/attachments/3984.pdf",,Geneva Conventions Promulgation of 2007 http://www.icrc.org/ihl-nat/a24d1cf3344e99934125673e00508142/947ace338d0d29f1c125754c005d3cdb/$FILE/Geneva%20Conventions%20Promulgation%202007.pdf,,
Finland,FIN,10/7/98,12/29/00,7/1/02,Finnish Penal Code on Genocide and Ethnic Agitation http://www.preventgenocide.org/fi/rikoslaki.htm,"Finnish Criminal Code http://www.legislationline.org/documents/section/criminal-codes
",Finnish Criminal Code http://www.legislationline.org/documents/section/criminal-codes,Finnish Criminal Code http://www.legislationline.org/documents/section/criminal-codes,12/8/04,
France,FRA,7/18/98,6/9/00,7/1/02,"French Penal Code, Article 211-1 http://www.preventgenocide.org/fr/droit/codes/france.htm",,,,2/17/04,
French Guiana,GUF,,,,,,,,,
French Polynesia,PYF,,,,,,,,,
French Southern and Antarctic Lands,ATF,,,,,,,,,
Gabon,GAB,12/22/98,9/20/00,7/1/02,,,,,9/22/10,
Gambia,GMB,12/4/98,6/28/02,9/1/02,,,,,,
Gaza Strip,GAZ,,,,,,,,,
Georgia,GEO,7/18/98,9/5/03,12/1/03,"Georgian Penal Code, Section 14, Article 407 http://www.refworld.org/cgi-bin/texis/vtx/rwmain?docid=404c5dc11","Georgian Penal Code, Section 14 http://www.refworld.org/cgi-bin/texis/vtx/rwmain?docid=404c5dc11",,"Georgian Penal Code, Section 14 http://www.refworld.org/cgi-bin/texis/vtx/rwmain?docid=404c5dc11",3/10/10,
Germany,DEU,12/10/98,12/11/00,7/1/02,"German Code on International Criminal Law, Section 6 http://www.iuscomp.org/gla/statutes/VoeStGB.pdf","German Code on International Criminal Law, Section 7 http://www.iuscomp.org/gla/statutes/VoeStGB.pdf",,"German Code on International Criminal Law, Sections 8-12 http://www.iuscomp.org/gla/statutes/VoeStGB.pdf",9/2/04,
Ghana,GHA,7/18/98,12/20/99,7/1/02,"Ghana Criminal Code (Amendment) Act, 1993 Section 1 http://preventgenocide.org/law/domestic/ghana.htm",,,,9/12/03,
Gibraltar,GIB,,,,,,,,,
Glorioso Islands,ATF,,,,,,,,,Part of the French Southern Territories
Greece,GRC,7/18/98,5/15/02,8/1/02,,,,,7/6/07,
Greenland,GRL,,,,,,,,,
Grenada,GRD,,5/19/11,8/1/02,,,,,,
Guadeloupe,GLP,,,,,,,,,
Guam,GUM,,,,,,,,,
Guatemala,GTM,,4/2/12,7/1/12,,,,,,
Guernsey,GGY,,,,,,,,,
Guinea,GIN,9/7/00,7/14/03,10/1/03,,,,,4/1/04,
Guinea-Bissau,GNB,9/12/00,,,,,,,,
Guyana,GUY,12/28/00,9/24/04,12/1/04,,,,,11/16/05,
Haiti,HTI,2/26/99,,,,,,,,
Heard Island and McDonald Islands,HMD,,,,,,,,,
Holy See,VAT,,,,"Law N. VIII, Chapter 3, Article 14 http://www.vaticanstate.va/content/dam/vaticanstate/documenti/leggi-e-decreti/Normative-Penali-e-Amministrative/Law%20N.%20VIII%20-%20Supplementary%20Norms%20on%20Criminal%20Law.pdf","Law N. VIII, Chapter 3 http://www.vaticanstate.va/content/dam/vaticanstate/documenti/leggi-e-decreti/Normative-Penali-e-Amministrative/Law%20N.%20VIII%20-%20Supplementary%20Norms%20on%20Criminal%20Law.pdf",,"Law N. VIII, Chapter 3 http://www.vaticanstate.va/content/dam/vaticanstate/documenti/leggi-e-decreti/Normative-Penali-e-Amministrative/Law%20N.%20VIII%20-%20Supplementary%20Norms%20on%20Criminal%20Law.pdf",,
Honduras,HND,10/7/98,7/1/02,9/1/02,,,,,4/1/08,
Hong Kong,HKG,,,,"Hong Kong's Offenses Against the Person Ordinance, Chapter 212, Section 9A http://www.legislation.gov.hk/blis_pdf.nsf/4f0db701c6c25d4a4825755c00352e35/43CA4DC0171D9224482575EE004D5CE1/$FILE/CAP_212_e_b5.pdf",,,,,
Hungary,HUN,1/15/99,11/30/01,7/1/02,"Hungarian Code of 1978 (amended in 2005), Section 155 http://www.preventgenocide.org/hu/btk155nepirtas.htm","Hungarian Code of 1978 (amended in 2005), Chapter 11 http://www.icrc.org/applic/ihl/ihl-nat.nsf/0/21740aee8be6610bc1257163002c8308/$FILE/hungary_criminal_code.pdf",,"Hungarian Code of 1978 (amended in 2005), Sections 158-65 http://www.icrc.org/applic/ihl/ihl-nat.nsf/0/21740aee8be6610bc1257163002c8308/$FILE/hungary_criminal_code.pdf",3/22/06,
Iceland,ISL,8/26/98,5/25/00,7/1/02,,,,,12/1/03,
India,IND,,,,,,,,,
Indonesia,IDN,,,,Law #26 (Human Rights Tribunal Code) http://preventgenocide.org/id/hukum/genosida-UU26.htm,Law #26 (Human Rights Tribunal Code) http://preventgenocide.org/id/hukum/genosida-UU26.htm,,,,
"Iran, Islamic Republic of",IRN,12/31/00,,,,,,,,
Iraq,IRQ,,,,"Statute of the Iraqi Special Tribunal, Article 11 http://preventgenocide.org/law/domestic/iraqispecialtribunal.htm","Statute of the Iraqi Special Tribunal, Article 12 http://preventgenocide.org/law/domestic/iraqispecialtribunal.htm",,"Statute of the Iraqi Special Tribunal, Article 13 http://preventgenocide.org/law/domestic/iraqispecialtribunal.htm",,
Ireland,IRL,10/7/98,4/11/02,7/1/02,"Irish International Criminal Court Act of October 2006, Article 6 http://www.irishstatutebook.ie/2006/en/act/pub/0030/print.html#sec7","Irish International Criminal Court Act of October 2006, Article 7 http://www.irishstatutebook.ie/2006/en/act/pub/0030/print.html#sec7",,"Irish International Criminal Court Act of October 2006, Article 8.2 http://www.irishstatutebook.ie/2006/en/act/pub/0030/print.html#sec7",11/20/06,
Isle of Man,IMN,,(see United Kingdom),,,,,,(see United Kingdom),
Israel,ISR,12/31/2000* (unsigned on 8/28/2002),expressed intent not to ratify,,Israeli Law on the Crime of Genocide 5710-1950 http://preventgenocide.org/il/law1950.htm,,,,,
Italy,ITA,7/18/98,7/26/99,7/1/02,"Italy’s Law on Genocide of October 9, 1967 No. 962 http://preventgenocide.org/it/legge.htm",,,,11/20/06,
Jamaica,JAM,9/8/00,,,"Jamaica’s Offenses Against the Person (Amendment) 1968, Sec. 33",,,,6/30/04,
Jen Mayen,SJM,,,,,,,,,
Japan,JPN,,7/17/07,10/1/07,,,,,6/28/04,
Jersey,JEY,,,,,,,,,
Jordan,JOR,10/7/98,4/11/02,7/1/02,,,,,,
Juan de Nova Island,ATF,,,,,,,,,Part of the French Southern Territories
Kazakhstan,KAZ,,,,"Kazakhstan Criminal Code, Article 160 http://www.legislationline.org/download/action/download/id/1681/file/ca1cfb8a67f8a1c2ffe8de6554a3.htm/preview",,,,,
Kenya,KEN,8/11/99,3/15/05,6/1/05,Kenyan International Crimes Act of 2008 http://www.issafrica.org/anicj/uploads/Kenya_International_Crimes_Act_2008.pdf,Kenyan International Crimes Act of 2008 http://www.issafrica.org/anicj/uploads/Kenya_International_Crimes_Act_2008.pdf,,Kenyan International Crimes Act of 2008 http://www.issafrica.org/anicj/uploads/Kenya_International_Crimes_Act_2008.pdf,,
Kiribati,KIR,,,,Kiribati Penal Code Article 52 http://www.preventgenocide.org/es/derecho/codigos/,,,,,
"Korea, North",PRK,,,,,,,,,
"Korea, South",KOR,3/8/00,11/13/02,2/1/03,,,,,10/18/06,
Kuwait,KWT,9/8/00,,,,,,,,
Kyrgyzstan,KGZ,12/8/98,,,Kyrgyzstan Criminal Code Article 373 http://www.wipo.int/wipolex/en/text.jsp?file_id=248664,,,,,
Laos,LAO,,,,,,,,,
Latvia,LVA,4/22/99,6/28/02,9/1/02,"Latvia Penal Code Section, 71 http://www.preventgenocide.org/lv/kriminallikums.htm","Latvia Penal Code, Section 71 http://www.legislationline.org/documents/section/criminal-codes","Latvia Penal Code, Sections 72, 77 http://www.legislationline.org/documents/section/criminal-codes","Latvia Penal Code, Section 74 http://www.legislationline.org/documents/section/criminal-codes",10/28/04,
Lebanon,LBN,,,,,,,,,
Lesotho,LSO,11/30/98,9/6/00,7/1/02,,,,,9/16/05,
Liberia,LBR,7/17/98,9/22/04,12/1/04,,,,,9/16/05,
Libya,LBY,,,,,,,,,
Liechtenstein,LIE,7/18/98,10/2/01,7/1/02,"Liechtenstein Penal Code, Article 321 http://www.wipo.int/wipolex/en/text.jsp?file_id=234958",,,,9/21/04,
Lithuania,LTU,12/10/98,5/12/03,8/1/03,"Lithuanian Criminal Code, Article 99 http://www.preventgenocide.org/lt/LRBK99.htm",,,,,
Luxembourg,LUX,10/13/98,9/8/00,7/1/02,Luxembourg Law of 8 August 1985 on Genocide http://www.coe.int/t/dghl/monitoring/ecri/legal_research/national_legal_measures/luxembourg/Luxembourg_SR.pdf,,,,1/20/06,
Macau,MAC,,,,Macau Criminal Code Article 230 http://www.oecd.org/site/adboecdanti-corruptioninitiative/46816617.pdf,,,,,
Macedonia,MKD,10/7/98,3/6/02,7/1/02,"Macedonia Penal Code, Article 403 http://www.wipo.int/edocs/lexdocs/laws/en/mk/mk018en.pdf","Macedonia Penal Code, Chapter 34 Macedonia Penal Code, Articles 404-406 http://www.wipo.int/edocs/lexdocs/laws/en/mk/mk018en.pdf","Macedonia Penal Code, Article 415 Macedonia Penal Code, Articles 404-406 http://www.wipo.int/edocs/lexdocs/laws/en/mk/mk018en.pdf","Macedonia Penal Code, Articles 404-406 http://www.wipo.int/edocs/lexdocs/laws/en/mk/mk018en.pdf",10/19/05,
Madagascar,MDG,7/18/98,3/14/08,6/1/08,,,,,9/12/02,
Malawi,MWI,3/2/99,9/19/11,12/1/02,,,,,10/7/09,
Malaysia,MYS,,,,,,,,,
Maldives,MDV,,9/21/11,12/1/11,,,,,,
Mali,MLI,7/17/98,8/16/00,7/1/02,"Mali Penal Code, Article 30 http://www.preventgenocide.org/fr/droit/codes/mali.htm",,,,7/8/04,
Malta,MLT,7/17/98,11/29/02,2/1/03,"International Criminal Court Act, Article 6 http://www.iccnow.org/documents/MaltaDraftICCImpLeg.pdf","International Criminal Court Act, Article 7 http://www.iccnow.org/documents/MaltaDraftICCImpLeg.pdf",,"International Criminal Court Act, Article 8 http://www.iccnow.org/documents/MaltaDraftICCImpLeg.pdf",9/21/11,
Marshall Islands,MHL,9/6/00,12/7/00,7/1/02,,,,,,
Martinique,MTQ,,,,,,,,,
Mauritania,MRT,,,,,,,,,
Mauritius,MUS,11/11/98,3/5/02,7/1/02,"International Criminal Court Act, Part II http://www.iccnow.org/documents/ICCact2711.pdf","International Criminal Court Act, Part I http://www.iccnow.org/documents/ICCact2711.pdf",,"International Criminal Court Act, Part III http://www.iccnow.org/documents/ICCact2711.pdf",,
Mayotte,MYT,,,,,,,,,
Mexico,MEX,9/7/00,10/28/05,1/1/06,"Mexico Penal Code, Article 149 http://www.preventgenocide.org/es/derecho/codigos/mexico.htm","Mexico Penal Code, Article 149 http://www.preventgenocide.org/es/derecho/codigos/mexico.htm",,,9/27/07,
"Micronesia, Federated States of",FSM,,,,,,,,,
Moldova,MDA,9/8/00,10/12/10,1/1/11,"Moldova Criminal Code, Article 135 http://www.legislationline.org/download/action/download/id/1689/file/ebc7646816aadc2a3a1872057551.htm/preview","Moldova Criminal Code, Chapter 1 http://www.legislationline.org/download/action/download/id/1689/file/ebc7646816aadc2a3a1872057551.htm/preview",,"Moldova Criminal Code, Chapter 1 http://www.legislationline.org/download/action/download/id/1689/file/ebc7646816aadc2a3a1872057551.htm/preview",,
Monaco,MCO,7/18/98,,,,,,Monaco Criminal Code http://www.legimonaco.mc/305/legismclois.nsf/ViewSommaire/5C2938D8D46C7348C12574FD004BE402!OpenDocument,,
Mongolia,MNG,12/29/00,4/11/02,7/1/02,,,,,2/4/03,
Montenegro,SCG,,10/23/06,6/3/06,"Montenegro Criminal Code, Chapter 35 http://www.iccnow.org/documents/MontDraftCrCodeDec03.pdf","Montenegro Criminal Code, Chapter 35 http://www.iccnow.org/documents/MontDraftCrCodeDec03.pdf","Montenegro Criminal Code, Chapter 35 http://www.iccnow.org/documents/MontDraftCrCodeDec03.pdf","Montenegro Criminal Code, Chapter 35 http://www.iccnow.org/documents/MontDraftCrCodeDec03.pdf",10/23/06,
Montserrat,MSR,,,,,,,,,
Morocco,MAR,9/8/00,,,"Morocco Constitution, Article 23 http://www.ancl-radc.org.za/sites/default/files/morocco_eng.pdf","Morocco Constitution, Article 23 http://www.ancl-radc.org.za/sites/default/files/morocco_eng.pdf",,"Morocco Constitution, Article 23 http://www.ancl-radc.org.za/sites/default/files/morocco_eng.pdf",,
Mozambique,MOZ,12/28/00,,,,,,,,
Namibia,NAM,10/27/98,6/25/02,9/1/02,,,,,1/29/04,
Nauru,NRU,12/13/00,11/12/01,7/1/02,,,,,,
Navassa Island,BQ,,,,,,,,,
Nepal,NPL,,,,,,,,,
Netherlands,NLD,7/18/98,7/17/01,7/1/02,"International Crimes Act 2003, Section 3 http://www.iccnow.org/documents/NL.IntCrAct.pdf","International Crimes Act 2003, Section 4 http://www.iccnow.org/documents/NL.IntCrAct.pdf",,"International Crimes Act 2003, Sections 5-7 http://www.iccnow.org/documents/NL.IntCrAct.pdf",7/24/08,
Netherlands Antilles,ANT,,,,,,,,,
New Caledonia,NCL,,,,,,,,,
New Zealand,NZL,10/7/98,9/7/00,7/1/02,Int’l Crimes and ICC Act of 2000 Section 9 http://www.legislation.govt.nz/act/public/2000/0026/28.0/DLM63091.html,"In'l Crimes and ICC Act of 2000, Section 10 http://www.legislation.govt.nz/act/public/2000/0026/28.0/DLM63091.html","International Non-Aggression and Lawful Use of Force, 2012 http://crimeofaggression.info/2013/01/new-zealand-international-non-aggression-and-lawful-use-of-force-implementation-of-amendment-to-statute-of-rome-bill-2012/","Int'l Crimes and ICC Act of 2000, Section 11 http://www.legislation.govt.nz/act/public/2000/0026/28.0/DLM63091.html",4/14/04,
Nicaragua,NIC,,,,"Articles 549, 550 of Nicaragua Penal Code http://www.preventgenocide.org/es/derecho/codigos/nicaragua.htm","Penal Code, Articles 489-522 http://www.geneva-academy.ch/RULAC/national_legislation.php?id_state=155",,"Penal Code, Articles 489-522 http://www.geneva-academy.ch/RULAC/national_legislation.php?id_state=155",,
Niger,NER,7/17/98,4/11/02,7/1/02,,,,,4/11/02,
Nigeria,NGA,6/1/00,9/27/01,7/1/02,,,,,,
Niue,NIU,,,,,,,,,
Norfolk Island,NFK,,,,,,,,,
Northern Mariana Islands,MNP,,,,,,,,,
Norway,NOR,8/28/98,2/16/00,7/1/02,"Norwegian Criminal Code, Chapter 16, Section 101 http://www.geneva-academy.ch/RULAC/pdf_state/draft-chapter-16.pdf","Norwegian Criminal Code, Chapter 16, Section 102 http://www.geneva-academy.ch/RULAC/pdf_state/draft-chapter-16.pdf",,"Norwegian Criminal Code, Chapter 16, Section 103-107 http://www.geneva-academy.ch/RULAC/pdf_state/draft-chapter-16.pdf",9/10/02,war crimes amendment signed 6/10/2013
Oman,OMN,12/20/00,,,,,,,,
Pakistan,PAK,,,,,,,,,
Palau,PLW,,,,,,,,,
Panama,PAN,7/18/98,3/21/02,7/1/02,"Panama Criminal Code, Chapter II, http://www.wipo.int/edocs/lexdocs/laws/es/pa/pa033es.pdf","Panama Criminal Code, Chapter II, http://www.wipo.int/edocs/lexdocs/laws/es/pa/pa033es.pdf",,"Panama Criminal Code, Chapter II http://www.wipo.int/edocs/lexdocs/laws/es/pa/pa033es.pdf",8/16/04,
Papua New Guinea,PNG,,,,,,,,,
Paracel Islands,PF,,,,,,,,,
Paraguay,PRY,10/7/98,5/14/01,7/1/02,"Paraguay Criminal Code, Article 319 http://www.preventgenocide.org/es/derecho/codigos/paraguay.htm#trans",,,,7/19/05,
Peru,PER,12/7/00,11/10/01,7/1/02,"Peru Criminal Code, Title XIV Law No. 26926 http://www.preventgenocide.org/es/derecho/codigos/peru.htm","Peru Criminal Code, Title XIV Law No. 26926 http://www.preventgenocide.org/es/derecho/codigos/peru.htm",,,9/10/02,
Philippines,PHL,12/28/00,8/30/11,11/1/11,"Republic Act 9851, Chapter III, Section 5 http://www.lawphil.net/statutes/repacts/ra2009/ra_9851_2009.html","Republic Act 9851, Chapter III, Section 6 http://www.lawphil.net/statutes/repacts/ra2009/ra_9851_2009.html",,"Republic Act 9851, Chapter III, Section 4 http://www.lawphil.net/statutes/repacts/ra2009/ra_9851_2009.html",,
Pitcairn Islands,PCN,,,,,,,,,
Poland,POL,4/9/99,11/12/01,7/1/02,"Polish Criminal Code, Chapter XVI http://www.icc-cpi.int/iccdocs/asp_docs/ASP9/ICC-ASP9-POA2010-POL-ENG.pdf","Polish Criminal Code, Chapter XVI http://www.icc-cpi.int/iccdocs/asp_docs/ASP9/ICC-ASP9-POA2010-POL-ENG.pdf","Polish Criminal Code, Chapter XVI http://www.icc-cpi.int/iccdocs/asp_docs/ASP9/ICC-ASP9-POA2010-POL-ENG.pdf","Polish Criminal Code, Chapter XVI http://www.icc-cpi.int/iccdocs/asp_docs/ASP9/ICC-ASP9-POA2010-POL-ENG.pdf",2/10/09,
Portugal,PRT,10/7/98,2/5/02,7/1/02,"Law 31/2004 Chapter 2, Article 8 http://www.dre.pt/cgi/dr1s.exe?t=dr&cap=1-1200&doc=20042245%20&v02=&v01=2&v03=1900-01-01&v04=3000-12-21&v05=&v06=&v07=&v08=&v09=&v10=&v11=Lei&v12=&v13=&v14=&v15=&sort=0&submit=Pesquisar","Law 31/2004 Chapter 2, Article 9 http://www.dre.pt/cgi/dr1s.exe?t=dr&cap=1-1200&doc=20042245%20&v02=&v01=2&v03=1900-01-01&v04=3000-12-21&v05=&v06=&v07=&v08=&v09=&v10=&v11=Lei&v12=&v13=&v14=&v15=&sort=0&submit=Pesquisar","Law 31/2004 Chapter 2, Article 10-16 http://www.dre.pt/cgi/dr1s.exe?t=dr&cap=1-1200&doc=20042245%20&v02=&v01=2&v03=1900-01-01&v04=3000-12-21&v05=&v06=&v07=&v08=&v09=&v10=&v11=Lei&v12=&v13=&v14=&v15=&sort=0&submit=Pesquis",,10/3/07,
Puerto Rico,PRI,,,,,,,,,
Qatar,QAT,,,,,,,,,
Reunion,REU,,,,,,,,,
Romania,ROU,7/7/99,4/11/02,7/1/02,"Romania Criminal Code, Art. 172 http://www.legislationline.org/documents/action/popup/id/8914/preview","Romania Criminal Code, Art. 175 http://www.legislationline.org/documents/action/popup/id/8914/preview",,"Romania Criminal Code, Art. 174 http://www.legislationline.org/documents/action/popup/id/8914/preview",11/17/05,
Russia,RUS,9/13/00,,,"Russia Federal Criminal Code, Article 357 file:///Users/tessahausner/Documents/ABA/RF_CC_1996_am03.2012_en.pdf",,,,,
Rwanda,RWA,,,,Organic Law No. 08/96 on Genocide and Crimes Against Humanity http://www.preventgenocide.org/law/domestic/rwanda.htm,Organic Law No. 08/96 on Genocide and Crimes Against Humanity http://www.preventgenocide.org/law/domestic/rwanda.htm,,,,
Saint Helena,SHN,,,,,,,,,
Saint Kitts and Nevis,KNA,,8/22/06,11/1/06,,,,,,
Saint Lucia,LCA,8/27/99,8/18/10,11/1/10,,,,,,
Saint Pierre and Miquelon,SPM,,,,,,,,,
Saint Vincent and the Grenadines,VCT,,12/3/02,3/1/03,,,,,,
Samoa,WSM,7/17/98,9/16/02,12/1/02,"International Criminal Court Act (No. 26 of 2007), Part 2, Article 5 http://samoa.parliament.gov.ws/documents/acts/International%20Criminal%20Court%20Act%202007%20-%20%20English%20Version.pdf","International Criminal Court Act (No. 26 of 2007), Part 2, Article 6 http://samoa.parliament.gov.ws/documents/acts/International%20Criminal%20Court%20Act%202007%20-%20%20English%20Version.pdf",,"International Criminal Court Act (No. 26 of 2007), Part 2, Article 7 http://samoa.parliament.gov.ws/documents/acts/International%20Criminal%20Court%20Act%202007%20-%20%20English%20Version.pdf",9/25/12,ratified Kampala amendments 9/25/2012
San Marino,SMR,7/18/98,5/13/99,7/1/02,,,,,,ratified war crimes amendment 9/26/2011
Sao Tome and Principe,STP,12/28/00,,,,,,,,
Saudi Arabia,SAU,,,,,,,,,
Senegal,SEN,7/18/98,2/2/99,7/1/02,"Senegal Criminal Code, Article 431-1 https://www.amnesty.org/fr/library/asset/AFR49/002/2007/fr/73005373-d36d-11dd-a329-2f46302a8cc6/afr490022007en.html","Senegal Criminal Code, Article 431-2 https://www.amnesty.org/fr/library/asset/AFR49/002/2007/fr/73005373-d36d-11dd-a329-2f46302a8cc6/afr490022007en.html",,"Senegal Criminal Code, Article 431-3 https://www.amnesty.org/fr/library/asset/AFR49/002/2007/fr/73005373-d36d-11dd-a329-2f46302a8cc6/afr490022007en.html",,
Serbia,SCG,12/19/00,9/6/01,7/1/02,"Serbian Criminal Code, Article 370 http://www.legislationline.org/documents/section/criminal-codes/country/5","Serbian Criminal Code, Article 371 http://www.legislationline.org/documents/section/criminal-codes/country/5","Serbian Criminal Code, Article 386 http://www.legislationline.org/documents/section/criminal-codes/country/5","Serbian Criminal Code, Article 372-74 http://www.legislationline.org/documents/section/criminal-codes/country/5",5/7/05,
Seychelles,SYC,12/28/00,8/10/10,11/1/10,Genocide Act of 1969 http://www.seylii.org/sc/legislation/consolidated-act/88,,,,12/28/00,
Sierra Leone,SLE,10/17/98,9/15/00,7/1/02,,,,,9/26/03,
Singapore,SGP,,,,,,,,,
Slovakia,SVK,12/23/98,4/11/02,7/1/02,"Slovakia Criminal Code, Article 259 http://preventgenocide.org/sk/trestny-zakonnik259.htm","Slovakia Criminal Code, Article 259b http://preventgenocide.org/sk/trestny-zakonnik259.htm",,"Slovakia Criminal Code, Article 262-63 http://preventgenocide.org/sk/trestny-zakonnik259.htm",5/26/04,
Slovenia,SVN,10/7/98,12/31/01,7/1/02,"Slovenia Criminal Code Chapter 35, art. 373 http://www.loc.gov/law/help/crimes-against-humanity/index.php#slovenia","Slovenia Criminal Code Chapter 35, art. 374 http://www.loc.gov/law/help/crimes-against-humanity/index.php#slovenia",,"Slovenia Criminal Code Chapter 35, art. 375-377 http://www.loc.gov/law/help/crimes-against-humanity/index.php#slovenia",9/23/04,
Solomon Islands,SLB,12/3/98,,,Penal Code Article 52,,,,,
Somalia,SOM,,,,,,,,,
South Africa,ZAF,7/17/98,11/27/00,7/1/02,"South Africa Penal Code, Article 281 http://www1.umn.edu/humanrts/research/Penal%20Code%20(English).pdf","South Africa Penal Code, Article 281 http://www1.umn.edu/humanrts/research/Penal%20Code%20(English).pdf",,"South Africa Penal Code, Article 282-84 http://www1.umn.edu/humanrts/research/Penal%20Code%20(English).pdf",,
South Georgia and the South Sandwich Islands,SGS,,,,,,,,,
Spain,ESP,7/18/98,10/24/00,7/1/02,"Spain Penal Code, Article 607 http://www.preventgenocide.org/es/derecho/codigos/espana.htm","Spain Penal Code, Article 607bis http://www.legislationline.org/documents/section/criminal-codes",,"Spain Penal Code, Article 608-614bis http://www.legislationline.org/documents/section/criminal-codes",9/24/09,
Spratly Islands,PG,,,,,,,,,
Sri Lanka,LKA,,,,,,,,,
Sudan,SDN,8 September 2000*,expressed intent not to ratify,,,,,,,
Suriname,SUR,,7/15/08,10/1/08,,,,,,
Svalbard,SJM,,,,,,,,,
Swaziland,SWZ,,,,,,,,,
Sweden,SWE,10/7/98,6/28/01,7/1/02,"Swedish Criminal Code, Section 2.2 http://preventgenocide.org/se/lag169.htm",,,,1/13/05,
Switzerland,CHE,7/18/98,10/12/01,7/1/02,"Switzerland Penal Code, Article 264 http://www.preventgenocide.org/fr/droit/codes/suisse.htm","Switzerland Penal Code, Article 264a http://www.legislationline.org/documents/section/criminal-codes",,"Switzerland Penal Code, Article 264c-h http://www.legislationline.org/documents/section/criminal-codes",9/25/12,
Syria,SYR,11/29/00,,,,,,,,
Taiwan,TWN,,,,,,,,,
Tajikistan,TJK,11/30/98,5/5/00,7/1/02,"Tajikistan Criminal Code, Article 398, http://www.wipo.int/wipolex/en/text.jsp?file_id=237375",,"Tajikistan Criminal Code, Article 395, http://www.wipo.int/wipolex/en/text.jsp?file_id=237375",,,
Tanzania,TZA,12/29/00,8/20/02,11/1/02,,,,,1/27/04,
Thailand,THA,10/2/00,,,,,,,,
Timor-Leste,TLS,,9/6/02,,"Timor-Leste Criminal Code, Article 123, http://www.wipo.int/edocs/lexdocs/laws/en/tl/tl006en.pdf","Timor-Leste Criminal Code, Article 124, http://www.wipo.int/edocs/lexdocs/laws/en/tl/tl006en.pdf",,"Timor-Leste Criminal Code, Article 125-130, http://www.wipo.int/edocs/lexdocs/laws/en/tl/tl006en.pdf",,
Togo,TGO,,,,,,,,,
Tokelau,TKL,,,,,,,,,
Tonga,TON,,,,Tonga Genocide Act of 1969 http://legislation.to/Tonga/DATA/PRIN/1988-019/GenocideAct.pdf,,,,,
Trinidad and Tobago,TTO,3/23/99,4/6/99,7/1/02,"International Criminal Court Act, Article 6 http://www.nottingham.ac.uk/shared/shared_hrlcicju/Trinidad_and_Tobago/Trinidad___Tobago_The_International_Criminal_Court_Act_2006.pdf","International Criminal Court Act, Article 7 http://www.nottingham.ac.uk/shared/shared_hrlcicju/Trinidad_and_Tobago/Trinidad___Tobago_The_International_Criminal_Court_Act_2006.pdf",,"International Criminal Court Act, Article 8 http://www.nottingham.ac.uk/shared/shared_hrlcicju/Trinidad_and_Tobago/Trinidad___Tobago_The_International_Criminal_Court_Act_2006.pdf",2/6/03,
Tromelin Island,ATF,,,,,,,,,Part of the French Southern Territories
Tunisia,TUN,,6/24/11,9/1/02,,,,,,
Turkey,TUR,,,,"Turkey Criminal Code, Article 76 http://www.legislationline.org/documents/action/popup/id/6872/preview","Turkey Criminal Code, Article 77 http://www.legislationline.org/documents/action/popup/id/6872/preview",,,,
Turkmenistan,TKM,,,,,,,,,
Turks and Caicos Islands,TCA,,,,,,,,,
Tuvalu,TUV,,,,"Tuvalu Penal Code, Article 62 http://www.wipo.int/wipolex/en/text.jsp?file_id=197529#LinkTarget_1432",,,,,
Uganda,UGA,3/17/99,6/14/02,9/1/02,"International Criminal Court Act, Section 7 http://www.issafrica.org/anicj/uploads/Uganda_ICC_Act_2010.pdf","International Criminal Court Act, Section 8 http://www.issafrica.org/anicj/uploads/Uganda_ICC_Act_2010.pdf",,"International Criminal Court Act, Section 9 http://www.issafrica.org/anicj/uploads/Uganda_ICC_Act_2010.pdf",1/21/09,
Ukraine,UKR,1/20/00,,,"Ukraine Criminal Code, Article 442 http://www.wipo.int/edocs/lexdocs/laws/en/ua/ua018en.pdf",,"Ukraine Criminal Code, Article 437 http://www.wipo.int/edocs/lexdocs/laws/en/ua/ua018en.pdf","Ukraine Criminal Code, Article 438 http://www.wipo.int/edocs/lexdocs/laws/en/ua/ua018en.pdf",1/29/07,
United Arab Emirates,ARE,11/27/00,,,,,,,,
United Kingdom,GBR,11/30/98,10/4/01,7/1/02,"International Criminal Court Act, Sections 50, 51 http://www.legislation.gov.uk/ukpga/2001/17/section/51","International Criminal Court Act, Sections 50, 51 http://www.legislation.gov.uk/ukpga/2001/17/section/51",,"International Criminal Court Act, Sections 50, 51 http://www.legislation.gov.uk/ukpga/2001/17/section/51",1/25/08,
United States,USA,31 December 2000*,expressed intent not to ratify,,United States Code Chapter 50A § 1091 http://www.preventgenocide.org/law/domestic/uscode.htm,,,18 U.S. Code § 2441- War Crimes http://www.law.cornell.edu/uscode/text/18/2441,,
Uruguay,URY,12/19/00,6/28/02,9/1/02,"Uruguay Criminal Code, Article 16 http://www.parlamento.gub.uy/leyes/AccesoTextoLey.asp?Ley=18026&Anchor=","Uruguay Criminal Code, Article 18 http://www.parlamento.gub.uy/leyes/AccesoTextoLey.asp?Ley=18026&Anchor=",,"Uruguay Criminal Code, Article 26 http://www.parlamento.gub.uy/leyes/AccesoTextoLey.asp?Ley=18026&Anchor=",11/3/06,
Uzbekistan,UZB,12/29/00,,,"Uzbekistan Criminal Code, Article 153 http://www.legislationline.org/download/action/download/id/1712/file/a45cbf3cc66c17f04420786aa164.htm/preview",,"Uzbekistan Criminal Code, Article 151 http://www.legislationline.org/download/action/download/id/1712/file/a45cbf3cc66c17f04420786aa164.htm/preview","Uzbekistan Criminal Code, Article 152 http://www.legislationline.org/download/action/download/id/1712/file/a45cbf3cc66c17f04420786aa164.htm/preview",,
Vanuatu,VUT,,12/2/11,2/1/02,,,,,,
Venezuela,VEN,,6/7/00,,,,,,7/16/03,
Vietnam,VNM,,,,"Vietnam Criminal Code, Article 342 http://www.wipo.int/edocs/lexdocs/laws/en/vn/vn017en.pdf",,"Vietnam Criminal Code, Article 341 http://www.wipo.int/edocs/lexdocs/laws/en/vn/vn017en.pdf","Vietnam Criminal Code, Article 343 http://www.wipo.int/edocs/lexdocs/laws/en/vn/vn017en.pdf",,
Virgin Islands,VGB,,,,,,,,,
Wake Island,WAK,,,,,,,,,
Wallis and Futuna,WLF,,,,,,,,,
West Bank,PSE,,,,,,,,, defined for Palestine
Western Sahara,ESH,,,,,,,,,
Yemen,YEM,12/28/00,,,,,,,,
Zambia,ZMB,7/17/98,11/13/02,2/1/03,,,,,,
Zimbabwe,ZWE,7/17/98,,,,,,,,